-- MySQL dump 10.13  Distrib 5.6.14, for Win64 (x86_64)
--
-- Host: localhost    Database: eg_test
-- ------------------------------------------------------
-- Server version	5.6.14

/*!40101 SET @OLD_CHARACTER_SET_CLIENT=@@CHARACTER_SET_CLIENT */;
/*!40101 SET @OLD_CHARACTER_SET_RESULTS=@@CHARACTER_SET_RESULTS */;
/*!40101 SET @OLD_COLLATION_CONNECTION=@@COLLATION_CONNECTION */;
/*!40101 SET NAMES utf8 */;
/*!40103 SET @OLD_TIME_ZONE=@@TIME_ZONE */;
/*!40103 SET TIME_ZONE='+00:00' */;
/*!40014 SET @OLD_UNIQUE_CHECKS=@@UNIQUE_CHECKS, UNIQUE_CHECKS=0 */;
/*!40014 SET @OLD_FOREIGN_KEY_CHECKS=@@FOREIGN_KEY_CHECKS, FOREIGN_KEY_CHECKS=0 */;
/*!40101 SET @OLD_SQL_MODE=@@SQL_MODE, SQL_MODE='NO_AUTO_VALUE_ON_ZERO' */;
/*!40111 SET @OLD_SQL_NOTES=@@SQL_NOTES, SQL_NOTES=0 */;

--
-- Table structure for table `choices`
--

DROP TABLE IF EXISTS `choices`;
/*!40101 SET @saved_cs_client     = @@character_set_client */;
/*!40101 SET character_set_client = utf8 */;
CREATE TABLE `choices` (
  `id` int(11) NOT NULL AUTO_INCREMENT,
  `status` int(11) DEFAULT NULL,
  `datastring` text,
  `roundid` int(11) DEFAULT NULL,
  `assignmentId` varchar(128) NOT NULL,
  `workerId` varchar(128) NOT NULL,
  PRIMARY KEY (`id`),
  UNIQUE KEY `id` (`id`),
  KEY `fk_choice_part_id` (`assignmentId`,`workerId`),
  KEY `fk_choice_round_id` (`roundid`),
  CONSTRAINT `fk_choice_part_id` FOREIGN KEY (`assignmentId`, `workerId`) REFERENCES `participants` (`assignmentId`, `workerId`) ON DELETE CASCADE ON UPDATE CASCADE,
  CONSTRAINT `fk_choice_round_id` FOREIGN KEY (`roundid`) REFERENCES `rounds` (`id`) ON DELETE CASCADE ON UPDATE CASCADE
) ENGINE=InnoDB AUTO_INCREMENT=195 DEFAULT CHARSET=utf8;
/*!40101 SET character_set_client = @saved_cs_client */;

--
-- Dumping data for table `choices`
--

LOCK TABLES `choices` WRITE;
/*!40000 ALTER TABLE `choices` DISABLE KEYS */;
INSERT INTO `choices` VALUES (1,1,NULL,1,'1','1'),(2,1,NULL,2,'1','1'),(3,1,NULL,3,'2','2'),(4,1,NULL,3,'2','3'),(5,1,NULL,4,'2','2'),(6,1,NULL,4,'2','3'),(7,1,NULL,5,'5','5'),(8,1,NULL,5,'5','6'),(9,1,NULL,6,'5','5'),(10,1,NULL,6,'5','6'),(11,1,NULL,7,'7','7'),(12,1,NULL,7,'7','8'),(13,1,NULL,8,'7','7'),(14,1,NULL,8,'7','8'),(15,1,NULL,9,'10','10'),(16,1,NULL,10,'10','10'),(17,1,NULL,11,'12','11'),(18,1,NULL,11,'12','12'),(19,1,NULL,12,'12','11'),(20,1,NULL,12,'12','12'),(21,1,NULL,13,'20','13'),(22,1,NULL,13,'20','14'),(23,1,NULL,14,'20','13'),(24,1,NULL,14,'20','14'),(25,1,NULL,15,'23','2'),(26,1,NULL,15,'23','13'),(27,1,NULL,16,'23','2'),(28,1,NULL,16,'23','13'),(29,1,NULL,17,'24','2'),(30,1,NULL,18,'24','2'),(31,1,NULL,19,'25','2'),(32,1,NULL,20,'25','2'),(33,1,NULL,21,'26','2'),(34,1,NULL,21,'26','13'),(35,1,NULL,22,'26','2'),(36,1,NULL,22,'26','13'),(37,1,NULL,23,'27','15'),(38,1,NULL,24,'27','15'),(39,1,NULL,25,'30','13'),(40,1,NULL,26,'30','13'),(41,1,NULL,27,'31','13'),(42,1,NULL,28,'31','13'),(43,1,NULL,29,'32','13'),(44,1,NULL,30,'32','13'),(45,1,NULL,31,'33','13'),(46,1,NULL,32,'33','13'),(47,1,NULL,33,'34','13'),(48,1,NULL,34,'34','13'),(49,1,NULL,35,'35','13'),(50,1,NULL,36,'35','13'),(51,1,NULL,37,'36','13'),(52,1,NULL,38,'36','13'),(53,1,NULL,39,'36','13'),(54,1,NULL,40,'36','13'),(55,1,NULL,41,'36','13'),(56,1,NULL,42,'36','13'),(57,1,NULL,43,'37','2'),(58,1,NULL,43,'37','13'),(59,1,NULL,44,'37','2'),(60,1,NULL,44,'37','13'),(61,1,NULL,45,'39','2'),(62,1,NULL,45,'39','3'),(63,1,NULL,46,'39','2'),(64,1,NULL,46,'39','3'),(65,1,NULL,47,'39','3'),(66,1,NULL,47,'39','2'),(67,1,NULL,48,'39','3'),(68,1,NULL,48,'39','2'),(69,1,NULL,49,'41','2'),(70,1,NULL,49,'41','3'),(71,1,NULL,50,'41','2'),(72,1,NULL,50,'41','3'),(73,1,NULL,51,'41','3'),(74,1,NULL,51,'41','2'),(75,1,NULL,52,'41','3'),(76,1,NULL,52,'41','2'),(77,1,NULL,53,'41','3'),(78,1,NULL,53,'41','2'),(79,1,NULL,54,'41','3'),(80,1,NULL,54,'41','2'),(81,1,NULL,55,'42','13'),(82,1,NULL,55,'42','2'),(83,1,NULL,56,'42','13'),(84,1,NULL,56,'42','2'),(85,1,NULL,57,'45','13'),(86,1,NULL,57,'45','2'),(87,1,NULL,58,'45','13'),(88,1,NULL,58,'45','2'),(89,1,NULL,59,'46','13'),(90,1,NULL,59,'46','2'),(91,1,NULL,60,'46','13'),(92,1,NULL,60,'46','2'),(93,1,NULL,61,'47','13'),(94,1,NULL,61,'47','2'),(95,1,NULL,62,'47','13'),(96,1,NULL,62,'47','2'),(97,1,NULL,63,'47','2'),(98,1,NULL,63,'47','13'),(99,1,NULL,64,'47','2'),(100,1,NULL,64,'47','13'),(101,1,NULL,65,'48','2'),(102,1,NULL,65,'48','3'),(103,1,NULL,66,'48','2'),(104,1,NULL,66,'48','3'),(105,1,NULL,67,'48','2'),(106,1,NULL,67,'48','3'),(107,1,NULL,68,'48','2'),(108,1,NULL,68,'48','3'),(109,1,NULL,69,'49','2'),(110,1,NULL,69,'49','3'),(111,1,NULL,70,'49','2'),(112,1,NULL,70,'49','3'),(113,1,NULL,71,'49','2'),(114,1,NULL,71,'49','3'),(115,1,NULL,72,'49','2'),(116,1,NULL,72,'49','3'),(117,1,NULL,73,'51','2'),(118,1,NULL,73,'51','3'),(119,1,NULL,74,'51','2'),(120,1,NULL,74,'51','3'),(121,1,NULL,75,'51','3'),(122,1,NULL,75,'51','2'),(123,1,NULL,76,'51','3'),(124,1,NULL,76,'51','2'),(125,1,NULL,77,'52','2'),(126,1,NULL,77,'52','3'),(127,1,NULL,78,'52','2'),(128,1,NULL,78,'52','3'),(129,1,NULL,79,'52','3'),(130,1,NULL,79,'52','2'),(131,1,NULL,80,'52','3'),(132,1,NULL,80,'52','2'),(133,1,NULL,81,'54','2'),(134,1,NULL,81,'54','3'),(135,1,NULL,82,'54','2'),(136,1,NULL,82,'54','3'),(137,1,NULL,83,'56','2'),(138,1,NULL,83,'56','3'),(139,1,NULL,84,'56','2'),(140,1,NULL,84,'56','3'),(141,1,NULL,85,'56','3'),(142,1,NULL,85,'56','2'),(143,1,NULL,86,'56','3'),(144,1,NULL,86,'56','2'),(145,1,NULL,87,'56','3'),(146,1,NULL,87,'56','2'),(147,1,NULL,88,'56','3'),(148,1,NULL,88,'56','2'),(149,1,NULL,89,'57','2'),(150,1,NULL,89,'57','3'),(151,1,NULL,90,'57','2'),(152,1,NULL,90,'57','3'),(153,1,NULL,91,'57','3'),(154,1,NULL,91,'57','2'),(155,1,NULL,92,'57','3'),(156,1,NULL,92,'57','2'),(157,1,NULL,93,'57','3'),(158,1,NULL,93,'57','2'),(159,1,NULL,94,'57','3'),(160,1,NULL,94,'57','2'),(161,1,NULL,95,'59','2'),(162,1,NULL,95,'59','3'),(163,1,NULL,96,'59','2'),(164,1,NULL,96,'59','3'),(165,1,NULL,97,'59','3'),(166,1,NULL,97,'59','2'),(167,1,NULL,98,'59','3'),(168,1,NULL,98,'59','2'),(169,1,NULL,99,'60','13'),(170,1,NULL,99,'60','2'),(171,1,NULL,100,'60','13'),(172,1,NULL,100,'60','2'),(173,1,NULL,101,'60','2'),(174,1,NULL,101,'60','13'),(175,1,NULL,102,'60','2'),(176,1,NULL,102,'60','13'),(177,1,NULL,103,'61','2'),(178,1,NULL,103,'61','3'),(179,1,NULL,104,'61','2'),(180,1,NULL,104,'61','3'),(181,1,NULL,105,'62','2'),(182,1,NULL,105,'62','3'),(183,1,NULL,106,'62','2'),(184,1,NULL,106,'62','3'),(185,1,NULL,107,'62','3'),(186,1,NULL,107,'62','2'),(187,1,NULL,108,'62','3'),(188,1,NULL,108,'62','2'),(189,1,NULL,109,'62','3'),(190,1,NULL,109,'62','2'),(191,1,NULL,110,'62','3'),(192,1,NULL,110,'62','2'),(193,1,NULL,111,'64','2'),(194,1,NULL,112,'64','2');
/*!40000 ALTER TABLE `choices` ENABLE KEYS */;
UNLOCK TABLES;

--
-- Table structure for table `codes`
--

DROP TABLE IF EXISTS `codes`;
/*!40101 SET @saved_cs_client     = @@character_set_client */;
/*!40101 SET character_set_client = utf8 */;
CREATE TABLE `codes` (
  `id` int(11) NOT NULL AUTO_INCREMENT,
  `status` int(11) DEFAULT NULL,
  `num` int(11) DEFAULT NULL,
  `value` varchar(128) DEFAULT NULL,
  `userid` int(11) DEFAULT NULL,
  PRIMARY KEY (`id`),
  KEY `fk_code_user_id` (`userid`),
  CONSTRAINT `fk_code_user_id` FOREIGN KEY (`userid`) REFERENCES `users` (`id`) ON DELETE CASCADE ON UPDATE CASCADE
) ENGINE=InnoDB DEFAULT CHARSET=utf8;
/*!40101 SET character_set_client = @saved_cs_client */;

--
-- Dumping data for table `codes`
--

LOCK TABLES `codes` WRITE;
/*!40000 ALTER TABLE `codes` DISABLE KEYS */;
/*!40000 ALTER TABLE `codes` ENABLE KEYS */;
UNLOCK TABLES;

--
-- Table structure for table `decisions`
--

DROP TABLE IF EXISTS `decisions`;
/*!40101 SET @saved_cs_client     = @@character_set_client */;
/*!40101 SET character_set_client = utf8 */;
CREATE TABLE `decisions` (
  `id` int(11) NOT NULL AUTO_INCREMENT,
  `status` int(11) DEFAULT NULL,
  `num` int(11) DEFAULT NULL,
  `value` double DEFAULT NULL,
  `timestamp` varchar(19) DEFAULT NULL,
  `datastring` text,
  `reward` double DEFAULT NULL,
  `choiceid` int(11) DEFAULT NULL,
  `imageid` int(11) DEFAULT NULL,
  PRIMARY KEY (`id`),
  KEY `fk_decision_choice_id` (`choiceid`),
  CONSTRAINT `fk_decision_choice_id` FOREIGN KEY (`choiceid`) REFERENCES `choices` (`id`) ON DELETE CASCADE ON UPDATE CASCADE
) ENGINE=InnoDB AUTO_INCREMENT=583 DEFAULT CHARSET=utf8;
/*!40101 SET character_set_client = @saved_cs_client */;

--
-- Dumping data for table `decisions`
--

LOCK TABLES `decisions` WRITE;
/*!40000 ALTER TABLE `decisions` DISABLE KEYS */;
INSERT INTO `decisions` VALUES (1,1,0,1,'2014-05-04 17:45:47',NULL,0,1,1),(2,1,1,1,'2014-05-04 17:45:47',NULL,0,1,2),(3,1,2,1,'2014-05-04 17:45:47',NULL,0,1,3),(4,1,0,2,'2014-05-04 17:46:01',NULL,0,2,1),(5,1,1,2,'2014-05-04 17:46:01',NULL,0,2,2),(6,1,2,2,'2014-05-04 17:46:01',NULL,0,2,3),(7,2,0,0,'2014-05-04 20:26:02',NULL,0,3,4),(8,2,1,0,'2014-05-04 20:26:02',NULL,0,3,5),(9,2,2,0,'2014-05-04 20:26:02',NULL,0,3,6),(10,2,0,0,'2014-05-04 20:26:02',NULL,0,4,4),(11,2,1,0,'2014-05-04 20:26:02',NULL,0,4,5),(12,2,2,0,'2014-05-04 20:26:02',NULL,0,4,6),(13,2,0,0,'2014-05-04 20:26:37',NULL,0,5,4),(14,2,1,0,'2014-05-04 20:26:37',NULL,0,5,5),(15,2,2,0,'2014-05-04 20:26:37',NULL,0,5,6),(16,2,0,0,'2014-05-04 20:26:37',NULL,0,6,4),(17,2,1,0,'2014-05-04 20:26:37',NULL,0,6,5),(18,2,2,0,'2014-05-04 20:26:37',NULL,0,6,6),(19,2,0,0,'2014-05-05 10:59:21',NULL,0,7,7),(20,2,1,0,'2014-05-05 10:59:21',NULL,0,7,8),(21,2,2,0,'2014-05-05 10:59:21',NULL,0,7,9),(22,2,0,0,'2014-05-05 10:59:21',NULL,0,8,7),(23,2,1,0,'2014-05-05 10:59:21',NULL,0,8,8),(24,2,2,0,'2014-05-05 10:59:21',NULL,0,8,9),(25,2,0,0,'2014-05-05 10:59:56',NULL,0,9,7),(26,2,1,0,'2014-05-05 10:59:56',NULL,0,9,8),(27,2,2,0,'2014-05-05 10:59:56',NULL,0,9,9),(28,2,0,0,'2014-05-05 10:59:56',NULL,0,10,7),(29,2,1,0,'2014-05-05 10:59:56',NULL,0,10,8),(30,2,2,0,'2014-05-05 10:59:56',NULL,0,10,9),(31,2,0,0,'2014-05-05 16:22:17',NULL,0,11,10),(32,2,1,0,'2014-05-05 16:22:17',NULL,0,11,11),(33,2,2,0,'2014-05-05 16:22:17',NULL,0,11,12),(34,2,0,0,'2014-05-05 16:22:17',NULL,0,12,10),(35,2,1,0,'2014-05-05 16:22:17',NULL,0,12,11),(36,2,2,0,'2014-05-05 16:22:17',NULL,0,12,12),(37,2,0,0,'2014-05-05 16:22:52',NULL,0,13,10),(38,2,1,0,'2014-05-05 16:22:52',NULL,0,13,11),(39,2,2,0,'2014-05-05 16:22:52',NULL,0,13,12),(40,2,0,0,'2014-05-05 16:22:52',NULL,0,14,10),(41,2,1,0,'2014-05-05 16:22:52',NULL,0,14,11),(42,2,2,0,'2014-05-05 16:22:52',NULL,0,14,12),(43,2,0,0,'2014-05-05 17:40:09',NULL,0,15,13),(44,2,1,0,'2014-05-05 17:40:09',NULL,0,15,14),(45,2,2,0,'2014-05-05 17:40:09',NULL,0,15,15),(46,1,0,1,'2014-05-05 17:40:25',NULL,0,16,13),(47,1,1,1,'2014-05-05 17:40:25',NULL,0,16,14),(48,1,2,1,'2014-05-05 17:40:25',NULL,0,16,15),(49,2,0,0,'2014-05-05 17:46:48',NULL,0,17,16),(50,2,1,0,'2014-05-05 17:46:48',NULL,0,17,17),(51,2,2,0,'2014-05-05 17:46:48',NULL,0,17,18),(52,2,0,0,'2014-05-05 17:46:48',NULL,0,18,16),(53,2,1,0,'2014-05-05 17:46:48',NULL,0,18,17),(54,2,2,0,'2014-05-05 17:46:48',NULL,0,18,18),(55,2,0,0,'2014-05-05 17:47:23',NULL,0,19,16),(56,2,1,0,'2014-05-05 17:47:23',NULL,0,19,17),(57,2,2,0,'2014-05-05 17:47:23',NULL,0,19,18),(58,2,0,0,'2014-05-05 17:47:23',NULL,0,20,16),(59,2,1,0,'2014-05-05 17:47:23',NULL,0,20,17),(60,2,2,0,'2014-05-05 17:47:23',NULL,0,20,18),(61,2,0,0,'2014-05-05 23:06:12',NULL,0,21,19),(62,2,1,0,'2014-05-05 23:06:12',NULL,0,21,20),(63,2,2,0,'2014-05-05 23:06:12',NULL,0,21,21),(64,2,0,0,'2014-05-05 23:06:12',NULL,0,22,19),(65,2,1,0,'2014-05-05 23:06:12',NULL,0,22,20),(66,2,2,0,'2014-05-05 23:06:12',NULL,0,22,21),(67,2,0,0,'2014-05-05 23:06:47',NULL,0,23,19),(68,2,1,0,'2014-05-05 23:06:47',NULL,0,23,20),(69,2,2,0,'2014-05-05 23:06:47',NULL,0,23,21),(70,2,0,0,'2014-05-05 23:06:47',NULL,0,24,19),(71,2,1,0,'2014-05-05 23:06:47',NULL,0,24,20),(72,2,2,0,'2014-05-05 23:06:47',NULL,0,24,21),(73,2,0,0,'2014-05-06 11:20:19',NULL,0,25,22),(74,2,1,0,'2014-05-06 11:20:19',NULL,0,25,23),(75,2,2,0,'2014-05-06 11:20:19',NULL,0,25,24),(76,2,0,0,'2014-05-06 11:20:19',NULL,0,26,22),(77,2,1,0,'2014-05-06 11:20:19',NULL,0,26,23),(78,2,2,0,'2014-05-06 11:20:19',NULL,0,26,24),(79,2,0,0,'2014-05-06 11:20:54',NULL,0,27,22),(80,2,1,0,'2014-05-06 11:20:54',NULL,0,27,23),(81,2,2,0,'2014-05-06 11:20:54',NULL,0,27,24),(82,2,0,0,'2014-05-06 11:20:54',NULL,0,28,22),(83,2,1,0,'2014-05-06 11:20:54',NULL,0,28,23),(84,2,2,0,'2014-05-06 11:20:54',NULL,0,28,24),(85,1,0,1,'2014-05-06 16:33:15',NULL,0,29,25),(86,1,1,1,'2014-05-06 16:33:15',NULL,0,29,26),(87,1,2,1,'2014-05-06 16:33:15',NULL,0,29,27),(88,1,0,2,'2014-05-06 16:33:22',NULL,0,30,25),(89,1,1,2,'2014-05-06 16:33:22',NULL,0,30,26),(90,1,2,2,'2014-05-06 16:33:22',NULL,0,30,27),(91,1,0,1,'2014-05-06 16:36:22',NULL,0,31,28),(92,1,1,1,'2014-05-06 16:36:22',NULL,0,31,29),(93,1,2,1,'2014-05-06 16:36:22',NULL,0,31,30),(94,1,0,1,'2014-05-06 16:36:30',NULL,0,32,28),(95,1,1,1,'2014-05-06 16:36:30',NULL,0,32,29),(96,1,2,1,'2014-05-06 16:36:30',NULL,0,32,30),(97,1,0,100,'2014-05-06 16:40:51',NULL,0,33,31),(98,1,1,200,'2014-05-06 16:40:51',NULL,1,33,32),(99,1,2,1,'2014-05-06 16:40:51',NULL,0,33,33),(100,2,0,0,'2014-05-06 16:41:02',NULL,0,34,31),(101,2,1,0,'2014-05-06 16:41:02',NULL,0,34,32),(102,2,2,0,'2014-05-06 16:41:02',NULL,0,34,33),(103,2,0,0,'2014-05-06 16:41:37',NULL,0,35,31),(104,2,1,0,'2014-05-06 16:41:37',NULL,0,35,32),(105,2,2,0,'2014-05-06 16:41:37',NULL,0,35,33),(106,2,0,0,'2014-05-06 16:41:37',NULL,0,36,31),(107,2,1,0,'2014-05-06 16:41:37',NULL,0,36,32),(108,2,2,0,'2014-05-06 16:41:37',NULL,0,36,33),(109,1,0,1,'2014-05-07 12:15:36',NULL,0,37,34),(110,1,1,1,'2014-05-07 12:15:36',NULL,0,37,35),(111,1,2,1,'2014-05-07 12:15:36',NULL,0,37,36),(112,1,0,1,'2014-05-07 12:15:42',NULL,0,38,34),(113,1,1,1,'2014-05-07 12:15:42',NULL,0,38,35),(114,1,2,1,'2014-05-07 12:15:42',NULL,0,38,36),(115,2,0,0,'2014-05-07 22:25:23',NULL,0,39,37),(116,2,1,0,'2014-05-07 22:25:23',NULL,0,39,38),(117,2,2,0,'2014-05-07 22:25:23',NULL,0,39,39),(118,2,0,0,'2014-05-07 22:25:58',NULL,0,40,37),(119,2,1,0,'2014-05-07 22:25:58',NULL,0,40,38),(120,2,2,0,'2014-05-07 22:25:58',NULL,0,40,39),(121,2,0,0,'2014-05-08 11:21:27',NULL,0,41,40),(122,2,1,0,'2014-05-08 11:21:27',NULL,0,41,41),(123,2,2,0,'2014-05-08 11:21:27',NULL,0,41,42),(124,2,0,0,'2014-05-08 11:22:02',NULL,0,42,40),(125,2,1,0,'2014-05-08 11:22:02',NULL,0,42,41),(126,2,2,0,'2014-05-08 11:22:02',NULL,0,42,42),(127,2,0,0,'2014-05-08 11:28:38',NULL,0,43,43),(128,2,1,0,'2014-05-08 11:28:38',NULL,0,43,44),(129,2,2,0,'2014-05-08 11:28:38',NULL,0,43,45),(130,2,0,0,'2014-05-08 11:29:13',NULL,0,44,43),(131,2,1,0,'2014-05-08 11:29:13',NULL,0,44,44),(132,2,2,0,'2014-05-08 11:29:13',NULL,0,44,45),(133,2,0,0,'2014-05-08 13:47:38',NULL,0,45,46),(134,2,1,0,'2014-05-08 13:47:38',NULL,0,45,47),(135,2,2,0,'2014-05-08 13:47:38',NULL,0,45,48),(136,2,0,0,'2014-05-08 13:48:13',NULL,0,46,46),(137,2,1,0,'2014-05-08 13:48:13',NULL,0,46,47),(138,2,2,0,'2014-05-08 13:48:13',NULL,0,46,48),(139,2,0,0,'2014-05-08 14:23:08',NULL,0,47,49),(140,2,1,0,'2014-05-08 14:23:08',NULL,0,47,50),(141,2,2,0,'2014-05-08 14:23:08',NULL,0,47,51),(142,2,0,0,'2014-05-08 14:23:43',NULL,0,48,49),(143,2,1,0,'2014-05-08 14:23:43',NULL,0,48,50),(144,2,2,0,'2014-05-08 14:23:43',NULL,0,48,51),(145,2,0,0,'2014-05-08 14:41:13',NULL,0,49,52),(146,2,1,0,'2014-05-08 14:41:13',NULL,0,49,53),(147,2,2,0,'2014-05-08 14:41:13',NULL,0,49,54),(148,2,0,0,'2014-05-08 14:41:48',NULL,0,50,52),(149,2,1,0,'2014-05-08 14:41:48',NULL,0,50,53),(150,2,2,0,'2014-05-08 14:41:48',NULL,0,50,54),(151,2,0,0,'2014-05-08 15:14:48',NULL,0,51,55),(152,2,1,0,'2014-05-08 15:14:48',NULL,0,51,56),(153,2,2,0,'2014-05-08 15:14:48',NULL,0,51,57),(154,2,0,0,'2014-05-08 15:15:23',NULL,0,52,55),(155,2,1,0,'2014-05-08 15:15:23',NULL,0,52,56),(156,2,2,0,'2014-05-08 15:15:23',NULL,0,52,57),(157,2,0,0,'2014-05-08 15:15:58',NULL,0,53,58),(158,2,1,0,'2014-05-08 15:15:58',NULL,0,53,59),(159,2,2,0,'2014-05-08 15:15:58',NULL,0,53,60),(160,2,0,0,'2014-05-08 15:16:33',NULL,0,54,58),(161,2,1,0,'2014-05-08 15:16:33',NULL,0,54,59),(162,2,2,0,'2014-05-08 15:16:33',NULL,0,54,60),(163,2,0,0,'2014-05-08 15:17:08',NULL,0,55,61),(164,2,1,0,'2014-05-08 15:17:08',NULL,0,55,62),(165,2,2,0,'2014-05-08 15:17:08',NULL,0,55,63),(166,2,0,0,'2014-05-08 15:17:43',NULL,0,56,61),(167,2,1,0,'2014-05-08 15:17:43',NULL,0,56,62),(168,2,2,0,'2014-05-08 15:17:43',NULL,0,56,63),(169,2,0,0,'2014-05-08 16:50:22',NULL,0,57,64),(170,2,1,0,'2014-05-08 16:50:22',NULL,0,57,65),(171,2,2,0,'2014-05-08 16:50:22',NULL,0,57,66),(172,2,0,0,'2014-05-08 16:50:22',NULL,0,58,64),(173,2,1,0,'2014-05-08 16:50:22',NULL,0,58,65),(174,2,2,0,'2014-05-08 16:50:22',NULL,0,58,66),(175,2,0,0,'2014-05-08 16:50:57',NULL,0,59,64),(176,2,1,0,'2014-05-08 16:50:57',NULL,0,59,65),(177,2,2,0,'2014-05-08 16:50:57',NULL,0,59,66),(178,2,0,0,'2014-05-08 16:50:57',NULL,0,60,64),(179,2,1,0,'2014-05-08 16:50:57',NULL,0,60,65),(180,2,2,0,'2014-05-08 16:50:57',NULL,0,60,66),(181,2,0,0,'2014-05-08 17:11:01',NULL,0,61,67),(182,2,1,0,'2014-05-08 17:11:01',NULL,0,61,68),(183,2,2,0,'2014-05-08 17:11:01',NULL,0,61,69),(184,2,0,0,'2014-05-08 17:11:01',NULL,0,62,67),(185,2,1,0,'2014-05-08 17:11:01',NULL,0,62,68),(186,2,2,0,'2014-05-08 17:11:01',NULL,0,62,69),(187,2,0,0,'2014-05-08 17:11:36',NULL,0,63,67),(188,2,1,0,'2014-05-08 17:11:36',NULL,0,63,68),(189,2,2,0,'2014-05-08 17:11:36',NULL,0,63,69),(190,2,0,0,'2014-05-08 17:11:36',NULL,0,64,67),(191,2,1,0,'2014-05-08 17:11:36',NULL,0,64,68),(192,2,2,0,'2014-05-08 17:11:36',NULL,0,64,69),(193,2,0,0,'2014-05-08 17:12:11',NULL,0,65,73),(194,2,1,0,'2014-05-08 17:12:11',NULL,0,65,74),(195,2,2,0,'2014-05-08 17:12:11',NULL,0,65,75),(196,2,0,0,'2014-05-08 17:12:11',NULL,0,66,73),(197,2,1,0,'2014-05-08 17:12:11',NULL,0,66,74),(198,2,2,0,'2014-05-08 17:12:11',NULL,0,66,75),(199,2,0,0,'2014-05-08 17:12:46',NULL,0,67,73),(200,2,1,0,'2014-05-08 17:12:46',NULL,0,67,74),(201,2,2,0,'2014-05-08 17:12:46',NULL,0,67,75),(202,2,0,0,'2014-05-08 17:12:46',NULL,0,68,73),(203,2,1,0,'2014-05-08 17:12:46',NULL,0,68,74),(204,2,2,0,'2014-05-08 17:12:46',NULL,0,68,75),(205,2,0,0,'2014-05-08 18:15:02',NULL,0,69,70),(206,2,1,0,'2014-05-08 18:15:02',NULL,0,69,71),(207,2,2,0,'2014-05-08 18:15:02',NULL,0,69,72),(208,2,0,0,'2014-05-08 18:15:02',NULL,0,70,70),(209,2,1,0,'2014-05-08 18:15:02',NULL,0,70,71),(210,2,2,0,'2014-05-08 18:15:02',NULL,0,70,72),(211,2,0,0,'2014-05-08 18:15:37',NULL,0,71,70),(212,2,1,0,'2014-05-08 18:15:37',NULL,0,71,71),(213,2,2,0,'2014-05-08 18:15:37',NULL,0,71,72),(214,2,0,0,'2014-05-08 18:15:37',NULL,0,72,70),(215,2,1,0,'2014-05-08 18:15:37',NULL,0,72,71),(216,2,2,0,'2014-05-08 18:15:37',NULL,0,72,72),(217,2,0,0,'2014-05-08 18:16:12',NULL,0,73,76),(218,2,1,0,'2014-05-08 18:16:12',NULL,0,73,77),(219,2,2,0,'2014-05-08 18:16:12',NULL,0,73,78),(220,2,0,0,'2014-05-08 18:16:12',NULL,0,74,76),(221,2,1,0,'2014-05-08 18:16:12',NULL,0,74,77),(222,2,2,0,'2014-05-08 18:16:12',NULL,0,74,78),(223,2,0,0,'2014-05-08 18:16:47',NULL,0,75,76),(224,2,1,0,'2014-05-08 18:16:47',NULL,0,75,77),(225,2,2,0,'2014-05-08 18:16:47',NULL,0,75,78),(226,2,0,0,'2014-05-08 18:16:47',NULL,0,76,76),(227,2,1,0,'2014-05-08 18:16:47',NULL,0,76,77),(228,2,2,0,'2014-05-08 18:16:47',NULL,0,76,78),(229,2,0,0,'2014-05-08 18:17:22',NULL,0,77,79),(230,2,1,0,'2014-05-08 18:17:22',NULL,0,77,80),(231,2,2,0,'2014-05-08 18:17:22',NULL,0,77,81),(232,2,0,0,'2014-05-08 18:17:22',NULL,0,78,79),(233,2,1,0,'2014-05-08 18:17:22',NULL,0,78,80),(234,2,2,0,'2014-05-08 18:17:22',NULL,0,78,81),(235,2,0,0,'2014-05-08 18:17:57',NULL,0,79,79),(236,2,1,0,'2014-05-08 18:17:57',NULL,0,79,80),(237,2,2,0,'2014-05-08 18:17:57',NULL,0,79,81),(238,2,0,0,'2014-05-08 18:17:57',NULL,0,80,79),(239,2,1,0,'2014-05-08 18:17:57',NULL,0,80,80),(240,2,2,0,'2014-05-08 18:17:57',NULL,0,80,81),(241,2,0,0,'2014-05-09 00:41:04',NULL,0,81,82),(242,2,1,0,'2014-05-09 00:41:04',NULL,0,81,83),(243,2,2,0,'2014-05-09 00:41:04',NULL,0,81,84),(244,2,0,0,'2014-05-09 00:41:04',NULL,0,82,82),(245,2,1,0,'2014-05-09 00:41:04',NULL,0,82,83),(246,2,2,0,'2014-05-09 00:41:04',NULL,0,82,84),(247,2,0,0,'2014-05-09 00:41:39',NULL,0,83,82),(248,2,1,0,'2014-05-09 00:41:39',NULL,0,83,83),(249,2,2,0,'2014-05-09 00:41:39',NULL,0,83,84),(250,2,0,0,'2014-05-09 00:41:39',NULL,0,84,82),(251,2,1,0,'2014-05-09 00:41:39',NULL,0,84,83),(252,2,2,0,'2014-05-09 00:41:39',NULL,0,84,84),(253,2,0,0,'2014-05-09 00:56:09',NULL,0,85,85),(254,2,1,0,'2014-05-09 00:56:09',NULL,0,85,86),(255,2,2,0,'2014-05-09 00:56:09',NULL,0,85,87),(256,2,0,0,'2014-05-09 00:56:09',NULL,0,86,85),(257,2,1,0,'2014-05-09 00:56:09',NULL,0,86,86),(258,2,2,0,'2014-05-09 00:56:09',NULL,0,86,87),(259,2,0,0,'2014-05-09 00:56:44',NULL,0,87,85),(260,2,1,0,'2014-05-09 00:56:44',NULL,0,87,86),(261,2,2,0,'2014-05-09 00:56:44',NULL,0,87,87),(262,2,0,0,'2014-05-09 00:56:44',NULL,0,88,85),(263,2,1,0,'2014-05-09 00:56:44',NULL,0,88,86),(264,2,2,0,'2014-05-09 00:56:44',NULL,0,88,87),(265,2,0,0,'2014-05-09 00:59:57',NULL,0,89,88),(266,2,1,0,'2014-05-09 00:59:57',NULL,0,89,89),(267,2,2,0,'2014-05-09 00:59:57',NULL,0,89,90),(268,2,0,0,'2014-05-09 00:59:57',NULL,0,90,88),(269,2,1,0,'2014-05-09 00:59:57',NULL,0,90,89),(270,2,2,0,'2014-05-09 00:59:57',NULL,0,90,90),(271,2,0,0,'2014-05-09 01:00:32',NULL,0,91,88),(272,2,1,0,'2014-05-09 01:00:32',NULL,0,91,89),(273,2,2,0,'2014-05-09 01:00:32',NULL,0,91,90),(274,2,0,0,'2014-05-09 01:00:32',NULL,0,92,88),(275,2,1,0,'2014-05-09 01:00:32',NULL,0,92,89),(276,2,2,0,'2014-05-09 01:00:32',NULL,0,92,90),(277,2,0,0,'2014-05-09 01:02:30',NULL,0,93,91),(278,2,1,0,'2014-05-09 01:02:30',NULL,0,93,92),(279,2,2,0,'2014-05-09 01:02:30',NULL,0,93,93),(280,2,0,0,'2014-05-09 01:02:30',NULL,0,94,91),(281,2,1,0,'2014-05-09 01:02:30',NULL,0,94,92),(282,2,2,0,'2014-05-09 01:02:30',NULL,0,94,93),(283,2,0,0,'2014-05-09 01:02:50',NULL,0,95,91),(284,2,1,0,'2014-05-09 01:02:50',NULL,0,95,92),(285,2,2,0,'2014-05-09 01:02:50',NULL,0,95,93),(286,2,0,0,'2014-05-09 01:02:50',NULL,0,96,91),(287,2,1,0,'2014-05-09 01:02:50',NULL,0,96,92),(288,2,2,0,'2014-05-09 01:02:50',NULL,0,96,93),(289,2,0,0,'2014-05-09 01:03:10',NULL,0,97,94),(290,2,1,0,'2014-05-09 01:03:10',NULL,0,97,95),(291,2,2,0,'2014-05-09 01:03:10',NULL,0,97,96),(292,2,0,0,'2014-05-09 01:03:10',NULL,0,98,94),(293,2,1,0,'2014-05-09 01:03:10',NULL,0,98,95),(294,2,2,0,'2014-05-09 01:03:10',NULL,0,98,96),(295,2,0,0,'2014-05-09 01:03:30',NULL,0,99,94),(296,2,1,0,'2014-05-09 01:03:30',NULL,0,99,95),(297,2,2,0,'2014-05-09 01:03:30',NULL,0,99,96),(298,2,0,0,'2014-05-09 01:03:30',NULL,0,100,94),(299,2,1,0,'2014-05-09 01:03:30',NULL,0,100,95),(300,2,2,0,'2014-05-09 01:03:30',NULL,0,100,96),(301,2,0,0,'2014-05-09 01:06:42',NULL,0,101,97),(302,2,1,0,'2014-05-09 01:06:42',NULL,0,101,98),(303,2,2,0,'2014-05-09 01:06:42',NULL,0,101,99),(304,2,0,0,'2014-05-09 01:06:42',NULL,0,102,97),(305,2,1,0,'2014-05-09 01:06:42',NULL,0,102,98),(306,2,2,0,'2014-05-09 01:06:42',NULL,0,102,99),(307,2,0,0,'2014-05-09 01:07:02',NULL,0,103,97),(308,2,1,0,'2014-05-09 01:07:02',NULL,0,103,98),(309,2,2,0,'2014-05-09 01:07:02',NULL,0,103,99),(310,2,0,0,'2014-05-09 01:07:02',NULL,0,104,97),(311,2,1,0,'2014-05-09 01:07:02',NULL,0,104,98),(312,2,2,0,'2014-05-09 01:07:02',NULL,0,104,99),(313,2,0,0,'2014-05-09 01:07:22',NULL,0,105,100),(314,2,1,0,'2014-05-09 01:07:22',NULL,0,105,101),(315,2,2,0,'2014-05-09 01:07:22',NULL,0,105,102),(316,2,0,0,'2014-05-09 01:07:22',NULL,0,106,100),(317,2,1,0,'2014-05-09 01:07:22',NULL,0,106,101),(318,2,2,0,'2014-05-09 01:07:22',NULL,0,106,102),(319,2,0,0,'2014-05-09 01:07:42',NULL,0,107,100),(320,2,1,0,'2014-05-09 01:07:42',NULL,0,107,101),(321,2,2,0,'2014-05-09 01:07:42',NULL,0,107,102),(322,2,0,0,'2014-05-09 01:07:42',NULL,0,108,100),(323,2,1,0,'2014-05-09 01:07:42',NULL,0,108,101),(324,2,2,0,'2014-05-09 01:07:42',NULL,0,108,102),(325,2,0,0,'2014-05-09 10:16:30',NULL,0,109,103),(326,2,1,0,'2014-05-09 10:16:30',NULL,0,109,104),(327,2,2,0,'2014-05-09 10:16:30',NULL,0,109,105),(328,2,0,0,'2014-05-09 10:16:30',NULL,0,110,103),(329,2,1,0,'2014-05-09 10:16:30',NULL,0,110,104),(330,2,2,0,'2014-05-09 10:16:30',NULL,0,110,105),(331,2,0,0,'2014-05-09 10:16:50',NULL,0,111,103),(332,2,1,0,'2014-05-09 10:16:50',NULL,0,111,104),(333,2,2,0,'2014-05-09 10:16:50',NULL,0,111,105),(334,2,0,0,'2014-05-09 10:16:50',NULL,0,112,103),(335,2,1,0,'2014-05-09 10:16:50',NULL,0,112,104),(336,2,2,0,'2014-05-09 10:16:50',NULL,0,112,105),(337,2,0,0,'2014-05-09 10:17:10',NULL,0,113,106),(338,2,1,0,'2014-05-09 10:17:10',NULL,0,113,107),(339,2,2,0,'2014-05-09 10:17:10',NULL,0,113,108),(340,2,0,0,'2014-05-09 10:17:10',NULL,0,114,106),(341,2,1,0,'2014-05-09 10:17:10',NULL,0,114,107),(342,2,2,0,'2014-05-09 10:17:10',NULL,0,114,108),(343,2,0,0,'2014-05-09 10:17:30',NULL,0,115,106),(344,2,1,0,'2014-05-09 10:17:30',NULL,0,115,107),(345,2,2,0,'2014-05-09 10:17:30',NULL,0,115,108),(346,2,0,0,'2014-05-09 10:17:30',NULL,0,116,106),(347,2,1,0,'2014-05-09 10:17:30',NULL,0,116,107),(348,2,2,0,'2014-05-09 10:17:30',NULL,0,116,108),(349,2,0,0,'2014-05-09 10:25:24',NULL,0,117,109),(350,2,1,0,'2014-05-09 10:25:24',NULL,0,117,110),(351,2,2,0,'2014-05-09 10:25:24',NULL,0,117,111),(352,2,0,0,'2014-05-09 10:25:24',NULL,0,118,109),(353,2,1,0,'2014-05-09 10:25:24',NULL,0,118,110),(354,2,2,0,'2014-05-09 10:25:24',NULL,0,118,111),(355,2,0,0,'2014-05-09 10:25:44',NULL,0,119,109),(356,2,1,0,'2014-05-09 10:25:44',NULL,0,119,110),(357,2,2,0,'2014-05-09 10:25:44',NULL,0,119,111),(358,2,0,0,'2014-05-09 10:25:44',NULL,0,120,109),(359,2,1,0,'2014-05-09 10:25:44',NULL,0,120,110),(360,2,2,0,'2014-05-09 10:25:44',NULL,0,120,111),(361,2,0,0,'2014-05-09 10:26:04',NULL,0,121,112),(362,2,1,0,'2014-05-09 10:26:04',NULL,0,121,113),(363,2,2,0,'2014-05-09 10:26:04',NULL,0,121,114),(364,2,0,0,'2014-05-09 10:26:04',NULL,0,122,112),(365,2,1,0,'2014-05-09 10:26:04',NULL,0,122,113),(366,2,2,0,'2014-05-09 10:26:04',NULL,0,122,114),(367,2,0,0,'2014-05-09 10:26:24',NULL,0,123,112),(368,2,1,0,'2014-05-09 10:26:24',NULL,0,123,113),(369,2,2,0,'2014-05-09 10:26:24',NULL,0,123,114),(370,2,0,0,'2014-05-09 10:26:24',NULL,0,124,112),(371,2,1,0,'2014-05-09 10:26:24',NULL,0,124,113),(372,2,2,0,'2014-05-09 10:26:24',NULL,0,124,114),(373,2,0,0,'2014-05-09 13:39:11',NULL,0,125,115),(374,2,1,0,'2014-05-09 13:39:11',NULL,0,125,116),(375,2,2,0,'2014-05-09 13:39:11',NULL,0,125,117),(376,2,0,0,'2014-05-09 13:39:11',NULL,0,126,115),(377,2,1,0,'2014-05-09 13:39:11',NULL,0,126,116),(378,2,2,0,'2014-05-09 13:39:11',NULL,0,126,117),(379,2,0,0,'2014-05-09 13:39:31',NULL,0,127,115),(380,2,1,0,'2014-05-09 13:39:31',NULL,0,127,116),(381,2,2,0,'2014-05-09 13:39:31',NULL,0,127,117),(382,2,0,0,'2014-05-09 13:39:31',NULL,0,128,115),(383,2,1,0,'2014-05-09 13:39:31',NULL,0,128,116),(384,2,2,0,'2014-05-09 13:39:31',NULL,0,128,117),(385,2,0,0,'2014-05-09 13:39:51',NULL,0,129,121),(386,2,1,0,'2014-05-09 13:39:51',NULL,0,129,122),(387,2,2,0,'2014-05-09 13:39:51',NULL,0,129,123),(388,2,0,0,'2014-05-09 13:39:51',NULL,0,130,121),(389,2,1,0,'2014-05-09 13:39:51',NULL,0,130,122),(390,2,2,0,'2014-05-09 13:39:51',NULL,0,130,123),(391,2,0,0,'2014-05-09 13:40:11',NULL,0,131,121),(392,2,1,0,'2014-05-09 13:40:11',NULL,0,131,122),(393,2,2,0,'2014-05-09 13:40:11',NULL,0,131,123),(394,2,0,0,'2014-05-09 13:40:11',NULL,0,132,121),(395,2,1,0,'2014-05-09 13:40:11',NULL,0,132,122),(396,2,2,0,'2014-05-09 13:40:11',NULL,0,132,123),(397,2,0,0,'2014-05-09 13:46:20',NULL,0,133,118),(398,2,1,0,'2014-05-09 13:46:20',NULL,0,133,119),(399,2,2,0,'2014-05-09 13:46:20',NULL,0,133,120),(400,2,0,0,'2014-05-09 13:46:20',NULL,0,134,118),(401,2,1,0,'2014-05-09 13:46:20',NULL,0,134,119),(402,2,2,0,'2014-05-09 13:46:20',NULL,0,134,120),(403,2,0,0,'2014-05-09 13:46:40',NULL,0,135,118),(404,2,1,0,'2014-05-09 13:46:40',NULL,0,135,119),(405,2,2,0,'2014-05-09 13:46:40',NULL,0,135,120),(406,2,0,0,'2014-05-09 13:46:40',NULL,0,136,118),(407,2,1,0,'2014-05-09 13:46:40',NULL,0,136,119),(408,2,2,0,'2014-05-09 13:46:40',NULL,0,136,120),(409,2,0,0,'2014-05-09 13:56:39',NULL,0,137,124),(410,2,1,0,'2014-05-09 13:56:39',NULL,0,137,125),(411,2,2,0,'2014-05-09 13:56:39',NULL,0,137,126),(412,2,0,0,'2014-05-09 13:56:39',NULL,0,138,124),(413,2,1,0,'2014-05-09 13:56:39',NULL,0,138,125),(414,2,2,0,'2014-05-09 13:56:39',NULL,0,138,126),(415,2,0,0,'2014-05-09 13:56:59',NULL,0,139,124),(416,2,1,0,'2014-05-09 13:56:59',NULL,0,139,125),(417,2,2,0,'2014-05-09 13:56:59',NULL,0,139,126),(418,2,0,0,'2014-05-09 13:56:59',NULL,0,140,124),(419,2,1,0,'2014-05-09 13:56:59',NULL,0,140,125),(420,2,2,0,'2014-05-09 13:56:59',NULL,0,140,126),(421,2,0,0,'2014-05-09 13:57:19',NULL,0,141,127),(422,2,1,0,'2014-05-09 13:57:19',NULL,0,141,128),(423,2,2,0,'2014-05-09 13:57:19',NULL,0,141,129),(424,2,0,0,'2014-05-09 13:57:19',NULL,0,142,127),(425,2,1,0,'2014-05-09 13:57:19',NULL,0,142,128),(426,2,2,0,'2014-05-09 13:57:19',NULL,0,142,129),(427,2,0,0,'2014-05-09 13:57:39',NULL,0,143,127),(428,2,1,0,'2014-05-09 13:57:39',NULL,0,143,128),(429,2,2,0,'2014-05-09 13:57:39',NULL,0,143,129),(430,2,0,0,'2014-05-09 13:57:39',NULL,0,144,127),(431,2,1,0,'2014-05-09 13:57:39',NULL,0,144,128),(432,2,2,0,'2014-05-09 13:57:39',NULL,0,144,129),(433,2,0,0,'2014-05-09 13:57:59',NULL,0,145,130),(434,2,1,0,'2014-05-09 13:57:59',NULL,0,145,131),(435,2,2,0,'2014-05-09 13:57:59',NULL,0,145,132),(436,2,0,0,'2014-05-09 13:57:59',NULL,0,146,130),(437,2,1,0,'2014-05-09 13:57:59',NULL,0,146,131),(438,2,2,0,'2014-05-09 13:57:59',NULL,0,146,132),(439,2,0,0,'2014-05-09 13:58:19',NULL,0,147,130),(440,2,1,0,'2014-05-09 13:58:19',NULL,0,147,131),(441,2,2,0,'2014-05-09 13:58:19',NULL,0,147,132),(442,2,0,0,'2014-05-09 13:58:19',NULL,0,148,130),(443,2,1,0,'2014-05-09 13:58:19',NULL,0,148,131),(444,2,2,0,'2014-05-09 13:58:19',NULL,0,148,132),(445,2,0,0,'2014-05-09 14:21:16',NULL,0,149,133),(446,2,1,0,'2014-05-09 14:21:16',NULL,0,149,134),(447,2,2,0,'2014-05-09 14:21:16',NULL,0,149,135),(448,2,0,0,'2014-05-09 14:21:16',NULL,0,150,133),(449,2,1,0,'2014-05-09 14:21:16',NULL,0,150,134),(450,2,2,0,'2014-05-09 14:21:16',NULL,0,150,135),(451,2,0,0,'2014-05-09 14:21:51',NULL,0,151,133),(452,2,1,0,'2014-05-09 14:21:51',NULL,0,151,134),(453,2,2,0,'2014-05-09 14:21:51',NULL,0,151,135),(454,2,0,0,'2014-05-09 14:21:51',NULL,0,152,133),(455,2,1,0,'2014-05-09 14:21:51',NULL,0,152,134),(456,2,2,0,'2014-05-09 14:21:51',NULL,0,152,135),(457,2,0,0,'2014-05-09 14:22:26',NULL,0,153,139),(458,2,1,0,'2014-05-09 14:22:26',NULL,0,153,140),(459,2,2,0,'2014-05-09 14:22:26',NULL,0,153,141),(460,2,0,0,'2014-05-09 14:22:26',NULL,0,154,139),(461,2,1,0,'2014-05-09 14:22:26',NULL,0,154,140),(462,2,2,0,'2014-05-09 14:22:26',NULL,0,154,141),(463,2,0,0,'2014-05-09 14:23:01',NULL,0,155,139),(464,2,1,0,'2014-05-09 14:23:01',NULL,0,155,140),(465,2,2,0,'2014-05-09 14:23:01',NULL,0,155,141),(466,2,0,0,'2014-05-09 14:23:01',NULL,0,156,139),(467,2,1,0,'2014-05-09 14:23:01',NULL,0,156,140),(468,2,2,0,'2014-05-09 14:23:01',NULL,0,156,141),(469,2,0,0,'2014-05-09 14:23:36',NULL,0,157,142),(470,2,1,0,'2014-05-09 14:23:36',NULL,0,157,143),(471,2,2,0,'2014-05-09 14:23:36',NULL,0,157,144),(472,2,0,0,'2014-05-09 14:23:36',NULL,0,158,142),(473,2,1,0,'2014-05-09 14:23:36',NULL,0,158,143),(474,2,2,0,'2014-05-09 14:23:36',NULL,0,158,144),(475,2,0,0,'2014-05-09 14:24:11',NULL,0,159,142),(476,2,1,0,'2014-05-09 14:24:11',NULL,0,159,143),(477,2,2,0,'2014-05-09 14:24:11',NULL,0,159,144),(478,2,0,0,'2014-05-09 14:24:11',NULL,0,160,142),(479,2,1,0,'2014-05-09 14:24:11',NULL,0,160,143),(480,2,2,0,'2014-05-09 14:24:11',NULL,0,160,144),(481,2,0,0,'2014-05-09 14:30:38',NULL,0,161,136),(482,2,1,0,'2014-05-09 14:30:38',NULL,0,161,137),(483,2,2,0,'2014-05-09 14:30:38',NULL,0,161,138),(484,2,0,0,'2014-05-09 14:30:38',NULL,0,162,136),(485,2,1,0,'2014-05-09 14:30:38',NULL,0,162,137),(486,2,2,0,'2014-05-09 14:30:38',NULL,0,162,138),(487,2,0,0,'2014-05-09 14:30:58',NULL,0,163,136),(488,2,1,0,'2014-05-09 14:30:58',NULL,0,163,137),(489,2,2,0,'2014-05-09 14:30:58',NULL,0,163,138),(490,2,0,0,'2014-05-09 14:30:58',NULL,0,164,136),(491,2,1,0,'2014-05-09 14:30:58',NULL,0,164,137),(492,2,2,0,'2014-05-09 14:30:58',NULL,0,164,138),(493,2,0,0,'2014-05-09 14:31:18',NULL,0,165,145),(494,2,1,0,'2014-05-09 14:31:18',NULL,0,165,146),(495,2,2,0,'2014-05-09 14:31:18',NULL,0,165,147),(496,2,0,0,'2014-05-09 14:31:18',NULL,0,166,145),(497,2,1,0,'2014-05-09 14:31:18',NULL,0,166,146),(498,2,2,0,'2014-05-09 14:31:18',NULL,0,166,147),(499,2,0,0,'2014-05-09 14:31:38',NULL,0,167,145),(500,2,1,0,'2014-05-09 14:31:38',NULL,0,167,146),(501,2,2,0,'2014-05-09 14:31:38',NULL,0,167,147),(502,2,0,0,'2014-05-09 14:31:38',NULL,0,168,145),(503,2,1,0,'2014-05-09 14:31:38',NULL,0,168,146),(504,2,2,0,'2014-05-09 14:31:38',NULL,0,168,147),(505,2,0,0,'2014-05-09 14:32:32',NULL,0,169,148),(506,2,1,0,'2014-05-09 14:32:32',NULL,0,169,149),(507,2,2,0,'2014-05-09 14:32:32',NULL,0,169,150),(508,2,0,0,'2014-05-09 14:32:32',NULL,0,170,148),(509,2,1,0,'2014-05-09 14:32:32',NULL,0,170,149),(510,2,2,0,'2014-05-09 14:32:32',NULL,0,170,150),(511,2,0,0,'2014-05-09 14:32:52',NULL,0,171,148),(512,2,1,0,'2014-05-09 14:32:52',NULL,0,171,149),(513,2,2,0,'2014-05-09 14:32:52',NULL,0,171,150),(514,2,0,0,'2014-05-09 14:32:52',NULL,0,172,148),(515,2,1,0,'2014-05-09 14:32:52',NULL,0,172,149),(516,2,2,0,'2014-05-09 14:32:52',NULL,0,172,150),(517,2,0,0,'2014-05-09 14:33:12',NULL,0,173,151),(518,2,1,0,'2014-05-09 14:33:12',NULL,0,173,152),(519,2,2,0,'2014-05-09 14:33:12',NULL,0,173,153),(520,2,0,0,'2014-05-09 14:33:12',NULL,0,174,151),(521,2,1,0,'2014-05-09 14:33:12',NULL,0,174,152),(522,2,2,0,'2014-05-09 14:33:12',NULL,0,174,153),(523,2,0,0,'2014-05-09 14:33:32',NULL,0,175,151),(524,2,1,0,'2014-05-09 14:33:32',NULL,0,175,152),(525,2,2,0,'2014-05-09 14:33:32',NULL,0,175,153),(526,2,0,0,'2014-05-09 14:33:32',NULL,0,176,151),(527,2,1,0,'2014-05-09 14:33:32',NULL,0,176,152),(528,2,2,0,'2014-05-09 14:33:32',NULL,0,176,153),(529,2,0,0,'2014-05-09 14:58:39',NULL,1,177,295),(530,2,1,0,'2014-05-09 14:58:39',NULL,2.5,177,296),(531,2,2,0,'2014-05-09 14:58:39',NULL,1,177,297),(532,2,0,0,'2014-05-09 14:58:39',NULL,1,178,295),(533,2,1,0,'2014-05-09 14:58:39',NULL,2.5,178,296),(534,2,2,0,'2014-05-09 14:58:39',NULL,1,178,297),(535,2,0,0,'2014-05-09 14:58:59',NULL,2,179,295),(536,2,1,0,'2014-05-09 14:58:59',NULL,5,179,296),(537,2,2,0,'2014-05-09 14:58:59',NULL,2,179,297),(538,2,0,0,'2014-05-09 14:58:59',NULL,2,180,295),(539,2,1,0,'2014-05-09 14:58:59',NULL,5,180,296),(540,2,2,0,'2014-05-09 14:58:59',NULL,2,180,297),(541,2,0,0,'2014-05-09 15:34:40',NULL,0,181,154),(542,2,1,0,'2014-05-09 15:34:40',NULL,0,181,155),(543,2,2,0,'2014-05-09 15:34:40',NULL,0,181,156),(544,2,0,0,'2014-05-09 15:34:40',NULL,0,182,154),(545,2,1,0,'2014-05-09 15:34:40',NULL,0,182,155),(546,2,2,0,'2014-05-09 15:34:40',NULL,0,182,156),(547,2,0,0,'2014-05-09 15:35:00',NULL,0,183,154),(548,2,1,0,'2014-05-09 15:35:00',NULL,0,183,155),(549,2,2,0,'2014-05-09 15:35:00',NULL,0,183,156),(550,2,0,0,'2014-05-09 15:35:00',NULL,0,184,154),(551,2,1,0,'2014-05-09 15:35:00',NULL,0,184,155),(552,2,2,0,'2014-05-09 15:35:00',NULL,0,184,156),(553,2,0,0,'2014-05-09 15:35:20',NULL,0,185,157),(554,2,1,0,'2014-05-09 15:35:20',NULL,0,185,158),(555,2,2,0,'2014-05-09 15:35:20',NULL,0,185,159),(556,2,0,0,'2014-05-09 15:35:20',NULL,0,186,157),(557,2,1,0,'2014-05-09 15:35:20',NULL,0,186,158),(558,2,2,0,'2014-05-09 15:35:20',NULL,0,186,159),(559,2,0,0,'2014-05-09 15:35:40',NULL,0,187,157),(560,2,1,0,'2014-05-09 15:35:40',NULL,0,187,158),(561,2,2,0,'2014-05-09 15:35:40',NULL,0,187,159),(562,2,0,0,'2014-05-09 15:35:40',NULL,0,188,157),(563,2,1,0,'2014-05-09 15:35:40',NULL,0,188,158),(564,2,2,0,'2014-05-09 15:35:40',NULL,0,188,159),(565,2,0,0,'2014-05-09 15:36:00',NULL,0,189,160),(566,2,1,0,'2014-05-09 15:36:00',NULL,0,189,161),(567,2,2,0,'2014-05-09 15:36:00',NULL,0,189,162),(568,2,0,0,'2014-05-09 15:36:00',NULL,0,190,160),(569,2,1,0,'2014-05-09 15:36:00',NULL,0,190,161),(570,2,2,0,'2014-05-09 15:36:00',NULL,0,190,162),(571,2,0,0,'2014-05-09 15:36:20',NULL,0,191,160),(572,2,1,0,'2014-05-09 15:36:20',NULL,0,191,161),(573,2,2,0,'2014-05-09 15:36:20',NULL,0,191,162),(574,2,0,0,'2014-05-09 15:36:20',NULL,0,192,160),(575,2,1,0,'2014-05-09 15:36:20',NULL,0,192,161),(576,2,2,0,'2014-05-09 15:36:20',NULL,0,192,162),(577,2,0,0,'2014-05-09 16:07:31',NULL,0,193,163),(578,2,1,0,'2014-05-09 16:07:31',NULL,0,193,164),(579,2,2,0,'2014-05-09 16:07:31',NULL,0,193,165),(580,2,0,0,'2014-05-09 16:07:51',NULL,0,194,163),(581,2,1,0,'2014-05-09 16:07:51',NULL,0,194,164),(582,2,2,0,'2014-05-09 16:07:51',NULL,0,194,165);
/*!40000 ALTER TABLE `decisions` ENABLE KEYS */;
UNLOCK TABLES;

--
-- Table structure for table `games`
--

DROP TABLE IF EXISTS `games`;
/*!40101 SET @saved_cs_client     = @@character_set_client */;
/*!40101 SET character_set_client = utf8 */;
CREATE TABLE `games` (
  `id` int(11) NOT NULL AUTO_INCREMENT,
  `num` int(11) DEFAULT NULL,
  `status` int(11) DEFAULT NULL,
  `numExpectedParticipants` int(11) DEFAULT NULL,
  `numRounds` int(11) DEFAULT NULL,
  `datastring` text,
  `gamesetid` int(11) DEFAULT NULL,
  PRIMARY KEY (`id`),
  KEY `fk_game_gameset_id` (`gamesetid`),
  CONSTRAINT `fk_game_gameset_id` FOREIGN KEY (`gamesetid`) REFERENCES `gamesets` (`id`) ON DELETE CASCADE ON UPDATE CASCADE
) ENGINE=InnoDB AUTO_INCREMENT=83 DEFAULT CHARSET=utf8;
/*!40101 SET character_set_client = @saved_cs_client */;

--
-- Dumping data for table `games`
--

LOCK TABLES `games` WRITE;
/*!40000 ALTER TABLE `games` DISABLE KEYS */;
INSERT INTO `games` VALUES (1,1,3,1,2,NULL,1),(2,1,3,2,2,NULL,2),(5,1,3,2,2,NULL,5),(7,1,3,2,2,NULL,7),(10,1,3,1,2,NULL,10),(12,1,3,2,2,NULL,12),(20,1,3,2,2,NULL,20),(23,1,3,2,2,NULL,23),(24,1,3,1,2,NULL,24),(25,1,3,1,2,NULL,25),(26,1,3,2,2,NULL,26),(27,1,3,1,2,NULL,27),(30,1,3,1,2,NULL,30),(31,1,3,1,2,NULL,31),(32,1,3,1,2,NULL,32),(33,1,3,1,2,NULL,33),(34,1,3,1,2,NULL,34),(35,1,3,1,2,NULL,35),(36,1,3,1,2,NULL,36),(37,2,3,1,2,NULL,36),(38,3,3,1,2,NULL,36),(39,1,3,2,2,NULL,37),(41,1,3,2,2,NULL,39),(43,2,3,2,2,NULL,39),(44,1,3,2,2,NULL,41),(45,2,3,2,2,NULL,41),(46,3,3,2,2,NULL,41),(47,1,3,2,2,NULL,42),(50,1,3,2,2,NULL,45),(51,1,3,2,2,NULL,46),(52,1,3,2,2,NULL,47),(53,2,3,2,2,NULL,47),(54,1,3,2,2,NULL,48),(55,2,3,2,2,NULL,48),(56,1,3,2,2,NULL,49),(57,2,3,2,2,NULL,49),(59,1,3,2,2,NULL,51),(60,2,3,2,2,NULL,51),(61,1,3,2,2,NULL,52),(63,2,3,2,2,NULL,52),(64,1,3,2,2,NULL,54),(66,1,3,2,2,NULL,56),(67,2,3,2,2,NULL,56),(68,3,3,2,2,NULL,56),(69,1,3,2,2,NULL,57),(71,2,3,2,2,NULL,57),(72,3,3,2,2,NULL,57),(73,1,3,2,2,NULL,59),(74,2,3,2,2,NULL,59),(75,1,3,2,2,NULL,60),(76,2,3,2,2,NULL,60),(77,1,3,2,2,NULL,61),(78,1,3,2,2,NULL,62),(79,2,3,2,2,NULL,62),(80,3,3,2,2,NULL,62),(82,1,3,1,2,NULL,64);
/*!40000 ALTER TABLE `games` ENABLE KEYS */;
UNLOCK TABLES;

--
-- Table structure for table `games_participants`
--

DROP TABLE IF EXISTS `games_participants`;
/*!40101 SET @saved_cs_client     = @@character_set_client */;
/*!40101 SET character_set_client = utf8 */;
CREATE TABLE `games_participants` (
  `gameid` int(11) DEFAULT NULL,
  `assignmentId` varchar(128) NOT NULL,
  `workerId` varchar(128) NOT NULL,
  KEY `fk_game_part_game_id` (`gameid`),
  KEY `fk_game_part_part_id` (`assignmentId`,`workerId`),
  CONSTRAINT `fk_game_part_game_id` FOREIGN KEY (`gameid`) REFERENCES `games` (`id`),
  CONSTRAINT `fk_game_part_part_id` FOREIGN KEY (`assignmentId`, `workerId`) REFERENCES `participants` (`assignmentId`, `workerId`) ON DELETE CASCADE ON UPDATE CASCADE
) ENGINE=InnoDB DEFAULT CHARSET=utf8;
/*!40101 SET character_set_client = @saved_cs_client */;

--
-- Dumping data for table `games_participants`
--

LOCK TABLES `games_participants` WRITE;
/*!40000 ALTER TABLE `games_participants` DISABLE KEYS */;
INSERT INTO `games_participants` VALUES (1,'1','1'),(2,'2','2'),(2,'2','3'),(5,'5','5'),(5,'5','6'),(7,'7','7'),(7,'7','8'),(10,'10','10'),(12,'12','11'),(12,'12','12'),(20,'20','13'),(20,'20','14'),(23,'23','2'),(23,'23','13'),(24,'24','2'),(25,'25','2'),(26,'26','2'),(26,'26','13'),(27,'27','15'),(30,'30','13'),(31,'31','13'),(32,'32','13'),(33,'33','13'),(34,'34','13'),(35,'35','13'),(36,'36','13'),(37,'36','13'),(38,'36','13'),(39,'37','2'),(39,'37','13'),(41,'39','2'),(41,'39','3'),(43,'39','3'),(43,'39','2'),(44,'41','2'),(44,'41','3'),(45,'41','3'),(45,'41','2'),(46,'41','3'),(46,'41','2'),(47,'42','13'),(47,'42','2'),(50,'45','13'),(50,'45','2'),(51,'46','13'),(51,'46','2'),(52,'47','13'),(52,'47','2'),(53,'47','2'),(53,'47','13'),(54,'48','2'),(54,'48','3'),(55,'48','2'),(55,'48','3'),(56,'49','2'),(56,'49','3'),(57,'49','2'),(57,'49','3'),(59,'51','2'),(59,'51','3'),(60,'51','3'),(60,'51','2'),(61,'52','2'),(61,'52','3'),(63,'52','3'),(63,'52','2'),(64,'54','2'),(64,'54','3'),(66,'56','2'),(66,'56','3'),(67,'56','3'),(67,'56','2'),(68,'56','3'),(68,'56','2'),(69,'57','2'),(69,'57','3'),(71,'57','3'),(71,'57','2'),(72,'57','3'),(72,'57','2'),(73,'59','2'),(73,'59','3'),(74,'59','3'),(74,'59','2'),(75,'60','13'),(75,'60','2'),(76,'60','2'),(76,'60','13'),(77,'61','2'),(77,'61','3'),(78,'62','2'),(78,'62','3'),(79,'62','3'),(79,'62','2'),(80,'62','3'),(80,'62','2'),(82,'64','2');
/*!40000 ALTER TABLE `games_participants` ENABLE KEYS */;
UNLOCK TABLES;

--
-- Table structure for table `gamesets`
--

DROP TABLE IF EXISTS `gamesets`;
/*!40101 SET @saved_cs_client     = @@character_set_client */;
/*!40101 SET character_set_client = utf8 */;
CREATE TABLE `gamesets` (
  `id` int(11) NOT NULL AUTO_INCREMENT,
  `status` int(11) DEFAULT NULL,
  `numExpectedParticipants` int(11) DEFAULT NULL,
  `numGames` int(11) DEFAULT NULL,
  `datastring` text,
  `starttime` datetime DEFAULT NULL,
  `playmode` text,
  PRIMARY KEY (`id`)
) ENGINE=InnoDB AUTO_INCREMENT=65 DEFAULT CHARSET=utf8;
/*!40101 SET character_set_client = @saved_cs_client */;

--
-- Dumping data for table `gamesets`
--

LOCK TABLES `gamesets` WRITE;
/*!40000 ALTER TABLE `gamesets` DISABLE KEYS */;
INSERT INTO `gamesets` VALUES (1,3,1,1,NULL,'2014-05-04 17:45:35','discrete'),(2,3,2,1,NULL,'2014-05-04 20:23:26','discrete'),(5,3,2,1,NULL,'2014-05-05 10:58:27','discrete'),(7,3,2,1,NULL,'2014-05-05 16:21:17','discrete'),(10,3,1,1,NULL,'2014-05-05 17:39:33','discrete'),(12,3,2,1,NULL,'2014-05-05 17:45:30','discrete'),(20,3,2,1,NULL,'2014-05-05 23:03:45','discrete'),(23,3,2,1,NULL,'2014-05-06 11:19:17','discrete'),(24,3,1,1,NULL,'2014-05-06 16:33:08','discrete'),(25,3,1,1,NULL,'2014-05-06 16:36:05','discrete'),(26,3,2,1,NULL,'2014-05-06 16:39:58','discrete'),(27,3,1,1,NULL,'2014-05-07 12:15:28','discrete'),(30,3,1,1,NULL,'2014-05-07 22:24:48','discrete'),(31,3,1,1,NULL,'2014-05-08 11:20:52','discrete'),(32,3,1,1,NULL,'2014-05-08 11:28:03','discrete'),(33,3,1,1,NULL,'2014-05-08 13:47:03','discrete'),(34,3,1,1,NULL,'2014-05-08 14:22:33','discrete'),(35,3,1,1,NULL,'2014-05-08 14:40:38','discrete'),(36,3,1,3,NULL,'2014-05-08 15:14:13','discrete'),(37,3,2,1,NULL,'2014-05-08 16:48:22','discrete'),(39,3,2,2,NULL,'2014-05-08 17:09:58','discrete'),(41,3,2,3,NULL,'2014-05-08 18:13:55','discrete'),(42,3,2,1,NULL,'2014-05-09 00:38:51','discrete'),(45,3,2,1,NULL,'2014-05-09 00:53:53','discrete'),(46,3,2,1,NULL,'2014-05-09 00:58:44','discrete'),(47,3,2,2,NULL,'2014-05-09 01:01:37','discrete'),(48,3,2,2,NULL,'2014-05-09 01:05:01','discrete'),(49,3,2,2,NULL,'2014-05-09 10:15:41','discrete'),(51,3,2,2,NULL,'2014-05-09 10:24:43','discrete'),(52,3,2,2,NULL,'2014-05-09 13:38:15','discrete'),(54,3,2,1,NULL,'2014-05-09 13:44:26','discrete'),(56,3,2,3,NULL,'2014-05-09 13:55:55','discrete'),(57,3,2,3,NULL,'2014-05-09 14:20:09','discrete'),(59,3,2,2,NULL,'2014-05-09 14:29:48','discrete'),(60,3,2,2,NULL,'2014-05-09 14:31:01','discrete'),(61,3,2,1,NULL,'2014-05-09 14:57:55','discrete'),(62,3,2,3,NULL,'2014-05-09 15:33:56','discrete'),(64,3,1,1,NULL,'2014-05-09 16:07:11','discrete');
/*!40000 ALTER TABLE `gamesets` ENABLE KEYS */;
UNLOCK TABLES;

--
-- Table structure for table `gamesets_participants`
--

DROP TABLE IF EXISTS `gamesets_participants`;
/*!40101 SET @saved_cs_client     = @@character_set_client */;
/*!40101 SET character_set_client = utf8 */;
CREATE TABLE `gamesets_participants` (
  `gamesetid` int(11) DEFAULT NULL,
  `assignmentId` varchar(128) NOT NULL,
  `workerId` varchar(128) NOT NULL,
  KEY `fk_gameset_part_game_id` (`gamesetid`),
  KEY `fk_gameset_part_part_id` (`assignmentId`,`workerId`),
  CONSTRAINT `fk_gameset_part_game_id` FOREIGN KEY (`gamesetid`) REFERENCES `gamesets` (`id`),
  CONSTRAINT `fk_gameset_part_part_id` FOREIGN KEY (`assignmentId`, `workerId`) REFERENCES `participants` (`assignmentId`, `workerId`) ON DELETE CASCADE ON UPDATE CASCADE
) ENGINE=InnoDB DEFAULT CHARSET=utf8;
/*!40101 SET character_set_client = @saved_cs_client */;

--
-- Dumping data for table `gamesets_participants`
--

LOCK TABLES `gamesets_participants` WRITE;
/*!40000 ALTER TABLE `gamesets_participants` DISABLE KEYS */;
INSERT INTO `gamesets_participants` VALUES (1,'1','1'),(2,'2','2'),(2,'2','3'),(5,'5','5'),(5,'5','6'),(7,'7','7'),(7,'7','8'),(10,'10','10'),(12,'12','11'),(12,'12','12'),(20,'20','13'),(20,'20','14'),(23,'23','2'),(23,'23','13'),(24,'24','2'),(25,'25','2'),(26,'26','2'),(26,'26','13'),(27,'27','15'),(30,'30','13'),(31,'31','13'),(32,'32','13'),(33,'33','13'),(34,'34','13'),(35,'35','13'),(36,'36','13'),(37,'37','2'),(37,'37','13'),(39,'39','2'),(39,'39','3'),(41,'41','2'),(41,'41','3'),(42,'42','13'),(42,'42','2'),(45,'45','13'),(45,'45','2'),(46,'46','13'),(46,'46','2'),(47,'47','13'),(47,'47','2'),(48,'48','2'),(48,'48','3'),(49,'49','2'),(49,'49','3'),(51,'51','2'),(51,'51','3'),(52,'52','2'),(52,'52','3'),(54,'54','2'),(54,'54','3'),(56,'56','2'),(56,'56','3'),(57,'57','2'),(57,'57','3'),(59,'59','2'),(59,'59','3'),(60,'60','13'),(60,'60','2'),(61,'61','2'),(61,'61','3'),(62,'62','2'),(62,'62','3'),(64,'64','2');
/*!40000 ALTER TABLE `gamesets_participants` ENABLE KEYS */;
UNLOCK TABLES;

--
-- Table structure for table `image`
--

DROP TABLE IF EXISTS `image`;
/*!40101 SET @saved_cs_client     = @@character_set_client */;
/*!40101 SET character_set_client = utf8 */;
CREATE TABLE `image` (
  `id` int(11) NOT NULL AUTO_INCREMENT,
  `pic_name` varchar(128) DEFAULT NULL,
  `percent` int(11) DEFAULT NULL,
  `complexity` int(11) DEFAULT NULL,
  `color` varchar(128) DEFAULT NULL,
  `pic_type` varchar(128) NOT NULL,
  `status` int(11) DEFAULT NULL,
  `gameid` int(11) DEFAULT NULL,
  PRIMARY KEY (`id`),
  KEY `fk_image_game_id` (`gameid`),
  CONSTRAINT `fk_image_game_id` FOREIGN KEY (`gameid`) REFERENCES `games` (`id`) ON DELETE CASCADE ON UPDATE CASCADE
) ENGINE=InnoDB AUTO_INCREMENT=298 DEFAULT CHARSET=utf8;
/*!40101 SET character_set_client = @saved_cs_client */;

--
-- Dumping data for table `image`
--

LOCK TABLES `image` WRITE;
/*!40000 ALTER TABLE `image` DISABLE KEYS */;
INSERT INTO `image` VALUES (1,'20140503-231916-258000.png',463,0,'','peanut',2,1),(2,'20140503-231916-757000.png',485,0,'','peanut',2,1),(3,'20140503-231917-209000.png',271,0,'','peanut',2,1),(4,'20140503-231932-544000.png',488,0,'','peanut',2,2),(5,'20140503-231932-997000.png',226,0,'','peanut',2,2),(6,'20140503-231933-309000.png',497,0,'','peanut',2,2),(7,'20140504-135152-623000.png',227,0,'','peanut',2,5),(8,'20140504-135153-034000.png',411,0,'','peanut',2,5),(9,'20140504-135153-481000.png',210,0,'','peanut',2,5),(10,'20140504-135842-635000.png',331,0,'','peanut',2,7),(11,'20140504-135843-084000.png',283,0,'','peanut',2,7),(12,'20140504-135843-496000.png',327,0,'','peanut',2,7),(13,'20140504-153057-201000.png',465,0,'','peanut',2,10),(14,'20140504-153057-724000.png',374,0,'','peanut',2,10),(15,'20140504-153058-144000.png',316,0,'','peanut',2,10),(16,'20140504-153748-967000.png',429,0,'','peanut',2,12),(17,'20140504-153749-417000.png',404,0,'','peanut',2,12),(18,'20140504-153749-827000.png',330,0,'','peanut',2,12),(19,'20140504-173805-568000.png',474,0,'','peanut',2,20),(20,'20140504-173806-064000.png',369,0,'','peanut',2,20),(21,'20140504-173806-513000.png',230,0,'','peanut',2,20),(22,'20140504-173946-440000.png',440,0,'','peanut',2,23),(23,'20140504-173946-920000.png',359,0,'','peanut',2,23),(24,'20140504-173947-380000.png',259,0,'','peanut',2,23),(25,'20140504-174059-707000.png',287,0,'','peanut',2,24),(26,'20140504-174100-077000.png',498,0,'','peanut',2,24),(27,'20140504-174100-587000.png',380,0,'','peanut',2,24),(28,'20140504-174132-927000.png',431,0,'','peanut',2,25),(29,'20140504-174133-347000.png',481,0,'','peanut',2,25),(30,'20140504-174133-797000.png',236,0,'','peanut',2,25),(31,'20140504-174407-843000.png',270,0,'','peanut',2,26),(32,'20140504-174408-203000.png',228,0,'','peanut',2,26),(33,'20140504-174408-543000.png',306,0,'','peanut',2,26),(34,'20140504-175208-618000.png',247,0,'','peanut',2,27),(35,'20140504-175208-968000.png',471,0,'','peanut',2,27),(36,'20140504-175209-418000.png',277,0,'','peanut',2,27),(37,'20140504-175424-825000.png',410,0,'','peanut',2,30),(38,'20140504-175425-295000.png',363,0,'','peanut',2,30),(39,'20140504-175425-705000.png',498,0,'','peanut',2,30),(40,'20140504-175441-902000.png',389,0,'','peanut',2,31),(41,'20140504-175442-342000.png',344,0,'','peanut',2,31),(42,'20140504-175442-722000.png',274,0,'','peanut',2,31),(43,'20140505-104010-048000.png',290,0,'','peanut',2,32),(44,'20140505-104010-535000.png',371,0,'','peanut',2,32),(45,'20140505-104010-986000.png',352,0,'','peanut',2,32),(46,'20140505-104209-311000.png',468,0,'','peanut',2,33),(47,'20140505-104209-806000.png',449,0,'','peanut',2,33),(48,'20140505-104210-307000.png',487,0,'','peanut',2,33),(49,'20140505-104759-924000.png',363,0,'','peanut',2,34),(50,'20140505-104800-346000.png',222,0,'','peanut',2,34),(51,'20140505-104800-694000.png',298,0,'','peanut',2,34),(52,'20140505-105344-594000.png',317,0,'','peanut',2,35),(53,'20140505-105345-047000.png',299,0,'','peanut',2,35),(54,'20140505-105345-413000.png',459,0,'','peanut',2,35),(55,'20140505-105555-520000.png',458,0,'','peanut',2,36),(56,'20140505-105556-025000.png',397,0,'','peanut',2,36),(57,'20140505-105556-488000.png',259,0,'','peanut',2,36),(58,'20140505-181650-620000.png',338,0,'','peanut',2,37),(59,'20140505-181651-099000.png',447,0,'','peanut',2,37),(60,'20140505-181651-569000.png',319,0,'','peanut',2,37),(61,'20140505-184428-831000.png',339,0,'','peanut',2,38),(62,'20140505-184429-237000.png',271,0,'','peanut',2,38),(63,'20140505-184429-595000.png',295,0,'','peanut',2,38),(64,'20140505-222827-695000.png',447,0,'','peanut',2,39),(65,'20140505-222828-205000.png',382,0,'','peanut',2,39),(66,'20140505-222828-635000.png',320,0,'','peanut',2,39),(67,'20140505-222835-675000.png',463,0,'','peanut',2,41),(68,'20140505-222836-195000.png',497,0,'','peanut',2,41),(69,'20140505-222836-695000.png',287,0,'','peanut',2,41),(70,'20140505-222920-318000.png',279,0,'','peanut',2,44),(71,'20140505-222920-698000.png',466,0,'','peanut',2,44),(72,'20140505-222921-178000.png',343,0,'','peanut',2,44),(73,'20140507-101759-970000.png',477,0,'','peanut',2,43),(74,'20140507-101800-526000.png',352,0,'','peanut',2,43),(75,'20140507-101800-955000.png',366,0,'','peanut',2,43),(76,'20140507-102702-443000.png',326,0,'','peanut',2,45),(77,'20140507-102702-908000.png',209,0,'','peanut',2,45),(78,'20140507-102703-275000.png',228,0,'','peanut',2,45),(79,'20140507-182410-888000.png',437,0,'','peanut',2,46),(80,'20140507-182411-388000.png',270,0,'','peanut',2,46),(81,'20140507-182411-760000.png',483,0,'','peanut',2,46),(82,'20140507-182728-897000.png',207,0,'','peanut',2,47),(83,'20140507-182729-283000.png',461,0,'','peanut',2,47),(84,'20140507-182729-758000.png',246,0,'','peanut',2,47),(85,'20140507-183653-994000.png',291,0,'','peanut',2,50),(86,'20140507-183654-411000.png',249,0,'','peanut',2,50),(87,'20140507-183654-788000.png',313,0,'','peanut',2,50),(88,'20140507-210634-332000.png',443,0,'','peanut',2,51),(89,'20140507-210634-824000.png',445,0,'','peanut',2,51),(90,'20140507-210635-301000.png',304,0,'','peanut',2,51),(91,'20140507-211117-075000.png',499,0,'','peanut',2,52),(92,'20140507-211117-568000.png',419,0,'','peanut',2,52),(93,'20140507-211118-010000.png',492,0,'','peanut',2,52),(94,'20140507-211331-002000.png',203,0,'','peanut',2,53),(95,'20140507-211331-357000.png',490,0,'','peanut',2,53),(96,'20140507-211331-841000.png',249,0,'','peanut',2,53),(97,'20140507-211820-376000.png',415,0,'','peanut',2,54),(98,'20140507-211820-837000.png',301,0,'','peanut',2,54),(99,'20140507-211821-213000.png',456,0,'','peanut',2,54),(100,'20140507-212534-837000.png',470,0,'','peanut',2,55),(101,'20140507-212535-372000.png',467,0,'','peanut',2,55),(102,'20140507-212535-876000.png',450,0,'','peanut',2,55),(103,'20140507-214515-226000.png',322,0,'','peanut',2,56),(104,'20140507-214515-681000.png',289,0,'','peanut',2,56),(105,'20140507-214516-027000.png',305,0,'','peanut',2,56),(106,'20140507-221913-979000.png',266,0,'','peanut',2,57),(107,'20140507-221914-387000.png',346,0,'','peanut',2,57),(108,'20140507-221914-783000.png',447,0,'','peanut',2,57),(109,'20140507-221957-556000.png',448,0,'','peanut',2,59),(110,'20140507-221958-061000.png',397,0,'','peanut',2,59),(111,'20140507-221958-487000.png',313,0,'','peanut',2,59),(112,'20140507-222118-794000.png',341,0,'','peanut',2,60),(113,'20140507-222119-252000.png',341,0,'','peanut',2,60),(114,'20140507-222119-670000.png',421,0,'','peanut',2,60),(115,'20140507-222342-251000.png',343,0,'','peanut',2,61),(116,'20140507-222342-687000.png',447,0,'','peanut',2,61),(117,'20140507-222343-163000.png',425,0,'','peanut',2,61),(118,'20140507-223603-004000.png',299,0,'','peanut',2,64),(119,'20140507-223603-416000.png',355,0,'','peanut',2,64),(120,'20140507-223603-843000.png',319,0,'','peanut',2,64),(121,'20140507-233057-390000.png',242,0,'','peanut',2,63),(122,'20140507-233057-798000.png',304,0,'','peanut',2,63),(123,'20140507-233058-193000.png',238,0,'','peanut',2,63),(124,'20140508-021444-670000.png',434,0,'','peanut',2,66),(125,'20140508-021445-165000.png',461,0,'','peanut',2,66),(126,'20140508-021445-657000.png',254,0,'','peanut',2,66),(127,'20140508-021909-373000.png',240,0,'','peanut',2,67),(128,'20140508-021909-745000.png',206,0,'','peanut',2,67),(129,'20140508-021910-094000.png',231,0,'','peanut',2,67),(130,'20140508-105040-786000.png',253,0,'','peanut',2,68),(131,'20140508-105041-174000.png',266,0,'','peanut',2,68),(132,'20140508-105041-556000.png',225,0,'','peanut',2,68),(133,'20140508-110605-845000.png',415,0,'','peanut',2,69),(134,'20140508-110606-356000.png',343,0,'','peanut',2,69),(135,'20140508-110606-809000.png',292,0,'','peanut',2,69),(136,'20140508-111618-534000.png',397,0,'','peanut',2,73),(137,'20140508-111619-024000.png',233,0,'','peanut',2,73),(138,'20140508-111619-387000.png',411,0,'','peanut',2,73),(139,'20140508-112740-603000.png',484,0,'','peanut',2,71),(140,'20140508-112741-157000.png',346,0,'','peanut',2,71),(141,'20140508-112741-597000.png',493,0,'','peanut',2,71),(142,'20140508-130703-246000.png',266,0,'','peanut',2,72),(143,'20140508-130703-666000.png',258,0,'','peanut',2,72),(144,'20140508-130704-048000.png',343,0,'','peanut',2,72),(145,'20140508-131914-147000.png',420,0,'','peanut',2,74),(146,'20140508-131914-731000.png',496,0,'','peanut',2,74),(147,'20140508-131915-317000.png',440,0,'','peanut',2,74),(148,'20140508-134301-491000.png',220,0,'','peanut',2,75),(149,'20140508-134301-867000.png',319,0,'','peanut',2,75),(150,'20140508-134302-289000.png',470,0,'','peanut',2,75),(151,'20140508-134508-677000.png',499,0,'','peanut',2,76),(152,'20140508-134509-221000.png',268,0,'','peanut',2,76),(153,'20140508-134509-595000.png',460,0,'','peanut',2,76),(154,'20140508-142153-118000.png',460,0,'','peanut',2,78),(155,'20140508-142153-616000.png',234,0,'','peanut',2,78),(156,'20140508-142153-945000.png',411,0,'','peanut',2,78),(157,'20140509-135512-273000.png',395,0,'','peanut',2,79),(158,'20140509-135512-749000.png',432,0,'','peanut',2,79),(159,'20140509-135513-213000.png',309,0,'','peanut',2,79),(160,'20140509-141940-185000.png',237,0,'','peanut',2,80),(161,'20140509-141940-599000.png',420,0,'','peanut',2,80),(162,'20140509-141941-050000.png',302,0,'','peanut',2,80),(163,'20140503-231916-258000.png',463,0,'','peanut',2,82),(164,'20140503-231916-757000.png',485,0,'','peanut',2,82),(165,'20140503-231917-209000.png',271,0,'','peanut',2,82),(166,'20140503-231932-544000.png',488,0,'','peanut',1,NULL),(167,'20140503-231932-997000.png',226,0,'','peanut',1,NULL),(168,'20140503-231933-309000.png',497,0,'','peanut',1,NULL),(169,'20140504-135152-623000.png',227,0,'','peanut',1,NULL),(170,'20140504-135153-034000.png',411,0,'','peanut',1,NULL),(171,'20140504-135153-481000.png',210,0,'','peanut',1,NULL),(172,'20140504-135842-635000.png',331,0,'','peanut',1,NULL),(173,'20140504-135843-084000.png',283,0,'','peanut',1,NULL),(174,'20140504-135843-496000.png',327,0,'','peanut',1,NULL),(175,'20140504-153057-201000.png',465,0,'','peanut',1,NULL),(176,'20140504-153057-724000.png',374,0,'','peanut',1,NULL),(177,'20140504-153058-144000.png',316,0,'','peanut',1,NULL),(178,'20140504-153748-967000.png',429,0,'','peanut',1,NULL),(179,'20140504-153749-417000.png',404,0,'','peanut',1,NULL),(180,'20140504-153749-827000.png',330,0,'','peanut',1,NULL),(181,'20140504-173805-568000.png',474,0,'','peanut',1,NULL),(182,'20140504-173806-064000.png',369,0,'','peanut',1,NULL),(183,'20140504-173806-513000.png',230,0,'','peanut',1,NULL),(184,'20140504-173946-440000.png',440,0,'','peanut',1,NULL),(185,'20140504-173946-920000.png',359,0,'','peanut',1,NULL),(186,'20140504-173947-380000.png',259,0,'','peanut',1,NULL),(187,'20140504-174059-707000.png',287,0,'','peanut',1,NULL),(188,'20140504-174100-077000.png',498,0,'','peanut',1,NULL),(189,'20140504-174100-587000.png',380,0,'','peanut',1,NULL),(190,'20140504-174132-927000.png',431,0,'','peanut',1,NULL),(191,'20140504-174133-347000.png',481,0,'','peanut',1,NULL),(192,'20140504-174133-797000.png',236,0,'','peanut',1,NULL),(193,'20140504-174407-843000.png',270,0,'','peanut',1,NULL),(194,'20140504-174408-203000.png',228,0,'','peanut',1,NULL),(195,'20140504-174408-543000.png',306,0,'','peanut',1,NULL),(196,'20140504-175208-618000.png',247,0,'','peanut',1,NULL),(197,'20140504-175208-968000.png',471,0,'','peanut',1,NULL),(198,'20140504-175209-418000.png',277,0,'','peanut',1,NULL),(199,'20140504-175424-825000.png',410,0,'','peanut',1,NULL),(200,'20140504-175425-295000.png',363,0,'','peanut',1,NULL),(201,'20140504-175425-705000.png',498,0,'','peanut',1,NULL),(202,'20140504-175441-902000.png',389,0,'','peanut',1,NULL),(203,'20140504-175442-342000.png',344,0,'','peanut',1,NULL),(204,'20140504-175442-722000.png',274,0,'','peanut',1,NULL),(205,'20140505-104010-048000.png',290,0,'','peanut',1,NULL),(206,'20140505-104010-535000.png',371,0,'','peanut',1,NULL),(207,'20140505-104010-986000.png',352,0,'','peanut',1,NULL),(208,'20140505-104209-311000.png',468,0,'','peanut',1,NULL),(209,'20140505-104209-806000.png',449,0,'','peanut',1,NULL),(210,'20140505-104210-307000.png',487,0,'','peanut',1,NULL),(211,'20140505-104759-924000.png',363,0,'','peanut',1,NULL),(212,'20140505-104800-346000.png',222,0,'','peanut',1,NULL),(213,'20140505-104800-694000.png',298,0,'','peanut',1,NULL),(214,'20140505-105344-594000.png',317,0,'','peanut',1,NULL),(215,'20140505-105345-047000.png',299,0,'','peanut',1,NULL),(216,'20140505-105345-413000.png',459,0,'','peanut',1,NULL),(217,'20140505-105555-520000.png',458,0,'','peanut',1,NULL),(218,'20140505-105556-025000.png',397,0,'','peanut',1,NULL),(219,'20140505-105556-488000.png',259,0,'','peanut',1,NULL),(220,'20140505-181650-620000.png',338,0,'','peanut',1,NULL),(221,'20140505-181651-099000.png',447,0,'','peanut',1,NULL),(222,'20140505-181651-569000.png',319,0,'','peanut',1,NULL),(223,'20140505-184428-831000.png',339,0,'','peanut',1,NULL),(224,'20140505-184429-237000.png',271,0,'','peanut',1,NULL),(225,'20140505-184429-595000.png',295,0,'','peanut',1,NULL),(226,'20140505-222827-695000.png',447,0,'','peanut',1,NULL),(227,'20140505-222828-205000.png',382,0,'','peanut',1,NULL),(228,'20140505-222828-635000.png',320,0,'','peanut',1,NULL),(229,'20140505-222835-675000.png',463,0,'','peanut',1,NULL),(230,'20140505-222836-195000.png',497,0,'','peanut',1,NULL),(231,'20140505-222836-695000.png',287,0,'','peanut',1,NULL),(232,'20140505-222920-318000.png',279,0,'','peanut',1,NULL),(233,'20140505-222920-698000.png',466,0,'','peanut',1,NULL),(234,'20140505-222921-178000.png',343,0,'','peanut',1,NULL),(235,'20140507-101759-970000.png',477,0,'','peanut',1,NULL),(236,'20140507-101800-526000.png',352,0,'','peanut',1,NULL),(237,'20140507-101800-955000.png',366,0,'','peanut',1,NULL),(238,'20140507-102702-443000.png',326,0,'','peanut',1,NULL),(239,'20140507-102702-908000.png',209,0,'','peanut',1,NULL),(240,'20140507-102703-275000.png',228,0,'','peanut',1,NULL),(241,'20140507-182410-888000.png',437,0,'','peanut',1,NULL),(242,'20140507-182411-388000.png',270,0,'','peanut',1,NULL),(243,'20140507-182411-760000.png',483,0,'','peanut',1,NULL),(244,'20140507-182728-897000.png',207,0,'','peanut',1,NULL),(245,'20140507-182729-283000.png',461,0,'','peanut',1,NULL),(246,'20140507-182729-758000.png',246,0,'','peanut',1,NULL),(247,'20140507-183653-994000.png',291,0,'','peanut',1,NULL),(248,'20140507-183654-411000.png',249,0,'','peanut',1,NULL),(249,'20140507-183654-788000.png',313,0,'','peanut',1,NULL),(250,'20140507-210634-332000.png',443,0,'','peanut',1,NULL),(251,'20140507-210634-824000.png',445,0,'','peanut',1,NULL),(252,'20140507-210635-301000.png',304,0,'','peanut',1,NULL),(253,'20140507-211117-075000.png',499,0,'','peanut',1,NULL),(254,'20140507-211117-568000.png',419,0,'','peanut',1,NULL),(255,'20140507-211118-010000.png',492,0,'','peanut',1,NULL),(256,'20140507-211331-002000.png',203,0,'','peanut',1,NULL),(257,'20140507-211331-357000.png',490,0,'','peanut',1,NULL),(258,'20140507-211331-841000.png',249,0,'','peanut',1,NULL),(259,'20140507-211820-376000.png',415,0,'','peanut',1,NULL),(260,'20140507-211820-837000.png',301,0,'','peanut',1,NULL),(261,'20140507-211821-213000.png',456,0,'','peanut',1,NULL),(262,'20140507-212534-837000.png',470,0,'','peanut',1,NULL),(263,'20140507-212535-372000.png',467,0,'','peanut',1,NULL),(264,'20140507-212535-876000.png',450,0,'','peanut',1,NULL),(265,'20140507-214515-226000.png',322,0,'','peanut',1,NULL),(266,'20140507-214515-681000.png',289,0,'','peanut',1,NULL),(267,'20140507-214516-027000.png',305,0,'','peanut',1,NULL),(268,'20140507-221913-979000.png',266,0,'','peanut',1,NULL),(269,'20140507-221914-387000.png',346,0,'','peanut',1,NULL),(270,'20140507-221914-783000.png',447,0,'','peanut',1,NULL),(271,'20140507-221957-556000.png',448,0,'','peanut',1,NULL),(272,'20140507-221958-061000.png',397,0,'','peanut',1,NULL),(273,'20140507-221958-487000.png',313,0,'','peanut',1,NULL),(274,'20140507-222118-794000.png',341,0,'','peanut',1,NULL),(275,'20140507-222119-252000.png',341,0,'','peanut',1,NULL),(276,'20140507-222119-670000.png',421,0,'','peanut',1,NULL),(277,'20140507-222342-251000.png',343,0,'','peanut',1,NULL),(278,'20140507-222342-687000.png',447,0,'','peanut',1,NULL),(279,'20140507-222343-163000.png',425,0,'','peanut',1,NULL),(280,'20140507-223603-004000.png',299,0,'','peanut',1,NULL),(281,'20140507-223603-416000.png',355,0,'','peanut',1,NULL),(282,'20140507-223603-843000.png',319,0,'','peanut',1,NULL),(283,'20140507-233057-390000.png',242,0,'','peanut',1,NULL),(284,'20140507-233057-798000.png',304,0,'','peanut',1,NULL),(285,'20140507-233058-193000.png',238,0,'','peanut',1,NULL),(286,'20140508-021444-670000.png',434,0,'','peanut',1,NULL),(287,'20140508-021445-165000.png',461,0,'','peanut',1,NULL),(288,'20140508-021445-657000.png',254,0,'','peanut',1,NULL),(289,'20140508-021909-373000.png',240,0,'','peanut',1,NULL),(290,'20140508-021909-745000.png',206,0,'','peanut',1,NULL),(291,'20140508-021910-094000.png',231,0,'','peanut',1,NULL),(292,'20140508-105040-786000.png',253,0,'','peanut',1,NULL),(293,'20140508-105041-174000.png',266,0,'','peanut',1,NULL),(294,'20140508-105041-556000.png',225,0,'','peanut',1,NULL),(295,'20140509-145639-836000.png',52,732,'green','fractal',2,77),(296,'20140509-145710-468000.png',15,717,'red','fractal',2,77),(297,'20140509-145712-213000.png',50,739,'yellow','fractal',2,77);
/*!40000 ALTER TABLE `image` ENABLE KEYS */;
UNLOCK TABLES;

--
-- Table structure for table `keycode_gameset_user`
--

DROP TABLE IF EXISTS `keycode_gameset_user`;
/*!40101 SET @saved_cs_client     = @@character_set_client */;
/*!40101 SET character_set_client = utf8 */;
CREATE TABLE `keycode_gameset_user` (
  `keyCodeBegin` varchar(128) NOT NULL,
  `creationtime` datetime DEFAULT NULL,
  `usagetime` datetime DEFAULT NULL,
  `userid` int(11) NOT NULL,
  `gamesetid` int(11) NOT NULL,
  `keyCodeEnd` varchar(128) NOT NULL,
  `totalreward` double DEFAULT NULL,
  `status` varchar(128) NOT NULL,
  PRIMARY KEY (`keyCodeBegin`)
) ENGINE=InnoDB DEFAULT CHARSET=utf8;
/*!40101 SET character_set_client = @saved_cs_client */;

--
-- Dumping data for table `keycode_gameset_user`
--

LOCK TABLES `keycode_gameset_user` WRITE;
/*!40000 ALTER TABLE `keycode_gameset_user` DISABLE KEYS */;
INSERT INTO `keycode_gameset_user` VALUES ('10041914','2014-05-05 23:03:18',NULL,13,20,'68184520',0,'USED'),('10311761','2014-05-05 10:40:11','2014-05-09 16:07:12',2,64,'17614299',0,'USED'),('11722757','2014-05-08 11:06:07',NULL,-1,-1,'85500872',NULL,''),('12183493','2014-05-09 14:45:49','2014-05-09 14:45:49',-1,-1,'39822680',NULL,''),('12981864','2014-05-09 14:19:42','2014-05-09 14:19:42',-1,-1,'34063540',NULL,''),('13614130','2014-05-04 13:58:44',NULL,12,12,'94796098',0,'USED'),('13817748','2014-05-06 16:35:40',NULL,2,25,'93032117',0,'USED'),('14330176','2014-05-08 13:19:16',NULL,3,56,'59004296',0,'USED'),('16519194','2014-05-05 23:03:18',NULL,14,20,'52067186',0,'USED'),('18736047','2014-05-06 11:18:49',NULL,3,51,'93151397',0,'USED'),('18870837','2014-05-04 15:37:50',NULL,10,10,'66435930',0,'USED'),('20090045','2014-05-05 18:16:52',NULL,13,20,'93875767',0,'USED'),('20723362','2014-05-06 11:15:36',NULL,2,51,'29134201',0,'USED'),('20838610','2014-05-09 13:55:14',NULL,2,56,'36324194',0,'USED'),('21088705','2014-05-05 22:51:52',NULL,13,20,'58315290',0,'USED'),('22466490','2014-05-04 17:41:34',NULL,7,7,'52590604',0,'PAID'),('23248591','2014-05-08 10:50:42',NULL,3,49,'15566746',0,'USED'),('25603412','2014-05-08 02:14:46',NULL,2,49,'83191275',0,'USED'),('25836537','2014-05-09 14:46:26','2014-05-09 14:46:26',-1,-1,'86913440',NULL,''),('27506024','2014-05-09 13:43:54',NULL,3,54,'49733344',0,'USED'),('28790275','2014-05-09 14:46:26','2014-05-09 14:46:26',-1,-1,'29780423',NULL,''),('29948493','2014-05-08 13:07:05',NULL,3,48,'56255146',0,'USED'),('29949126','2014-05-06 16:39:02',NULL,2,26,'55754982',1,'USED'),('30835836','2014-05-07 18:36:55',NULL,2,48,'26530749',NULL,'USED'),('31646071','2014-05-03 23:19:34',NULL,13,20,'10088366',0,'USED'),('31915810','2014-05-06 16:35:40',NULL,2,47,'93921120',0,'USED'),('32740615','2014-05-07 23:30:59',NULL,13,47,'15982865',0,'USED'),('36424896','2014-05-07 21:06:36',NULL,2,46,'46755083',0,'USED'),('36774863','2014-05-06 11:23:20',NULL,13,46,'38200081',0,'USED'),('37667758','2014-05-09 14:57:20','2014-05-09 14:57:20',-1,-1,'77274888',NULL,''),('38136111','2014-05-04 17:41:01',NULL,8,7,'92179371',0,'PAID'),('38434329','2014-05-09 14:29:16','2014-05-09 14:32:13',2,60,'63752487',0,'USED'),('39381195','2014-05-06 11:18:49',NULL,2,45,'38731856',0,'USED'),('40427172','2014-05-05 10:48:01',NULL,2,23,'36280153',0,'USED'),('40689006','2014-05-09 14:57:20','2014-05-09 14:57:20',-1,-1,'82387167',NULL,''),('42372604','2014-05-04 17:39:48',NULL,9,-1,'33055828',NULL,'USED'),('44353524','2014-05-09 14:52:21','2014-05-09 14:52:21',-1,-1,'78143078',NULL,''),('45619255','2014-05-07 22:23:44',NULL,13,-1,'14231862',NULL,'USED'),('45713634','2014-05-09 14:52:21','2014-05-09 14:52:21',-1,-1,'62972785',NULL,''),('47732348','2014-05-09 13:37:43',NULL,3,52,'66895358',0,'USED'),('48216763','2014-05-09 14:52:21','2014-05-09 14:52:21',-1,-1,'63753159',NULL,''),('48515097','2014-05-07 22:19:15',NULL,13,-1,'92615878',NULL,'USED'),('48670808','2014-05-05 22:29:22',NULL,13,20,'47215455',0,'USED'),('52230552','2014-05-07 22:36:04',NULL,2,42,'57754756',0,'USED'),('52331219','2014-05-07 21:13:32',NULL,13,42,'17396223',0,'USED'),('53104311','2014-05-07 22:21:20',NULL,3,41,'77719633',0,'USED'),('53379817','2014-05-07 21:25:36',NULL,2,41,'20453897',0,'USED'),('53733776','2014-05-09 14:57:20','2014-05-09 14:57:20',-1,-1,'87410268',NULL,''),('55916737','2014-05-06 16:39:02',NULL,13,26,'95508730',0,'USED'),('56124475','2014-05-08 13:45:10',NULL,3,39,'99140822',0,'USED'),('56558117','2014-05-04 17:44:09',NULL,1,1,'64673245',0,'PAID'),('56685885','2014-05-06 16:31:48',NULL,2,39,'39905549',0,'USED'),('58365576','2014-05-05 10:53:46',NULL,6,5,'16858322',0,'PAID'),('58997793','2014-05-07 21:45:16',NULL,13,37,'24735823',0,'USED'),('60048215','2014-05-04 17:38:07',NULL,10,10,'94791073',0,'USED'),('60354460','2014-05-09 14:45:49','2014-05-09 14:45:49',-1,-1,'57897300',NULL,''),('60452109','2014-05-06 11:23:20',NULL,2,37,'74798347',0,'USED'),('62845738','2014-05-09 14:29:16','2014-05-09 14:31:01',13,60,'71795227',0,'USED'),('64252423','2014-05-04 17:54:43',NULL,2,23,'98686905',0,'USED'),('64883477','2014-05-09 14:29:16','2014-05-09 14:30:19',3,59,'88249963',0,'USED'),('64921316','2014-05-09 14:52:21','2014-05-09 14:52:21',-1,-1,'44450618',NULL,''),('64969905','2014-05-09 14:45:49','2014-05-09 14:45:49',-1,-1,'59877397',NULL,''),('65169996','2014-05-07 10:27:04',NULL,13,36,'48614687',0,'USED'),('66974107','2014-05-07 18:24:12',NULL,13,35,'11030106',0,'USED'),('67238295','2014-05-07 22:19:59',NULL,13,32,'62438112',0,'USED'),('71179428','2014-05-08 13:43:03',NULL,13,34,'31558287',0,'USED'),('72489783','2014-05-04 17:54:26',NULL,3,2,'97978784',0,'PAID'),('72584880','2014-05-05 18:44:30',NULL,13,20,'20621152',0,'USED'),('73940919','2014-05-09 14:45:39','2014-05-09 14:45:39',-1,-1,'76957756',NULL,''),('74022558','2014-05-09 14:19:42','2014-05-09 14:20:41',3,57,'10612938',0,'USED'),('74815035','2014-05-09 14:45:39','2014-05-09 14:45:39',-1,-1,'15837905',NULL,''),('76996317','2014-05-05 22:28:37',NULL,2,23,'94061682',0,'USED'),('77145097','2014-05-08 02:19:10',NULL,20,-1,'72151104',NULL,'USED'),('77279890','2014-05-04 17:52:10',NULL,16,-1,'28370301',NULL,'USED'),('77947085','2014-05-07 18:24:12',NULL,13,30,'96398733',0,'USED'),('78454161','2014-05-09 13:37:43',NULL,2,52,'41927842',0,'USED'),('78680541','2014-05-05 22:28:29',NULL,13,23,'15591568',0,'USED'),('79099873','2014-05-04 13:51:54',NULL,13,20,'57828564',0,'USED'),('81254300','2014-05-08 11:16:20',NULL,13,31,'57181696',0,'USED'),('82349238','2014-05-07 18:24:12',NULL,19,-1,'99927515',NULL,'USED'),('82622910','2014-05-09 14:29:16','2014-05-09 14:29:49',2,59,'96197969',NULL,'USED'),('83504562','2014-05-09 14:46:26','2014-05-09 14:46:26',-1,-1,'65053150',NULL,''),('85499104','2014-05-09 14:45:39','2014-05-09 15:34:20',3,62,'61714445',0,'USED'),('85669679','2014-05-06 16:31:48',NULL,15,27,'55613070',0,'USED'),('86310639','2014-05-08 11:27:42',NULL,13,33,'54780711',0,'USED'),('88769240','2014-05-05 10:42:11',NULL,4,-1,'86100917',NULL,'USED'),('89195045','2014-05-09 14:46:26','2014-05-09 15:33:56',2,62,'64682960',0,'USED'),('90135959','2014-05-09 14:19:42','2014-05-09 14:20:10',2,57,'72109258',0,'USED'),('90624839','2014-05-09 13:43:54',NULL,2,54,'62315171',0,'USED'),('91684490','2014-05-06 11:15:36',NULL,2,24,'63782506',0,'USED'),('91749939','2014-05-09 14:57:20','2014-05-09 14:58:19',3,61,'48637994',0,'USED'),('93495870','2014-05-09 14:45:49','2014-05-09 14:57:56',2,61,'67651819',0,'USED'),('95988656','2014-05-07 21:11:19',NULL,18,-1,'76730120',NULL,'USED'),('96257545','2014-05-04 15:30:59',NULL,11,12,'15429430',NULL,'USED'),('98825545','2014-05-05 10:55:57',NULL,5,5,'88281213',0,'PAID');
/*!40000 ALTER TABLE `keycode_gameset_user` ENABLE KEYS */;
UNLOCK TABLES;

--
-- Table structure for table `participant_status`
--

DROP TABLE IF EXISTS `participant_status`;
/*!40101 SET @saved_cs_client     = @@character_set_client */;
/*!40101 SET character_set_client = utf8 */;
CREATE TABLE `participant_status` (
  `participant_statuscode` int(11) NOT NULL,
  `participant_statuslib` varchar(128) NOT NULL,
  PRIMARY KEY (`participant_statuscode`)
) ENGINE=InnoDB DEFAULT CHARSET=utf8;
/*!40101 SET character_set_client = @saved_cs_client */;

--
-- Dumping data for table `participant_status`
--

LOCK TABLES `participant_status` WRITE;
/*!40000 ALTER TABLE `participant_status` DISABLE KEYS */;
INSERT INTO `participant_status` VALUES (1,'ALLOCATED'),(2,'CONSENTED'),(3,'INSTRUCTED'),(4,'STARTED'),(5,'COMPLETED'),(6,'DEBRIEFED'),(7,'CREDITED'),(8,'QUITEARLY');
/*!40000 ALTER TABLE `participant_status` ENABLE KEYS */;
UNLOCK TABLES;

--
-- Table structure for table `participants`
--

DROP TABLE IF EXISTS `participants`;
/*!40101 SET @saved_cs_client     = @@character_set_client */;
/*!40101 SET character_set_client = utf8 */;
CREATE TABLE `participants` (
  `assignmentId` varchar(128) NOT NULL,
  `workerId` varchar(128) NOT NULL,
  `hitId` varchar(128) DEFAULT NULL,
  `ipaddress` varchar(128) DEFAULT NULL,
  `cond` int(11) DEFAULT NULL,
  `counterbalance` int(11) DEFAULT NULL,
  `codeversion` varchar(128) DEFAULT NULL,
  `beginhit` datetime DEFAULT NULL,
  `beginexp` datetime DEFAULT NULL,
  `endhit` datetime DEFAULT NULL,
  `status` int(11) DEFAULT NULL,
  `debriefed` tinyint(1) DEFAULT NULL,
  `datastring` text,
  `userid` int(11) DEFAULT NULL,
  PRIMARY KEY (`assignmentId`,`workerId`),
  KEY `fk_participant_user_id` (`userid`),
  CONSTRAINT `fk_participant_user_id` FOREIGN KEY (`userid`) REFERENCES `users` (`id`) ON DELETE CASCADE ON UPDATE CASCADE
) ENGINE=InnoDB DEFAULT CHARSET=utf8;
/*!40101 SET character_set_client = @saved_cs_client */;

--
-- Dumping data for table `participants`
--

LOCK TABLES `participants` WRITE;
/*!40000 ALTER TABLE `participants` DISABLE KEYS */;
INSERT INTO `participants` VALUES ('1','1','1','127.0.0.1',0,0,'1.0','2014-05-04 17:45:35',NULL,NULL,6,1,NULL,NULL),('10','10','10','127.0.0.1',0,0,'1.0','2014-05-05 17:39:33',NULL,NULL,6,1,NULL,NULL),('12','11','12','127.0.0.1',0,0,'1.0','2014-05-05 17:45:30',NULL,NULL,3,0,NULL,NULL),('12','12','12','127.0.0.1',0,0,'1.0','2014-05-05 17:46:13',NULL,NULL,6,1,NULL,NULL),('2','2','2','127.0.0.1',0,0,'1.0','2014-05-04 20:23:26',NULL,NULL,3,0,NULL,NULL),('2','3','2','127.0.0.1',0,0,'1.0','2014-05-04 20:25:27',NULL,NULL,5,0,NULL,NULL),('20','13','20','127.0.0.1',0,0,'1.0','2014-05-05 23:03:45',NULL,NULL,5,0,NULL,NULL),('20','14','20','127.0.0.1',0,0,'1.0','2014-05-05 23:05:37',NULL,NULL,5,0,NULL,NULL),('23','13','23','127.0.0.1',0,0,'1.0','2014-05-06 11:19:44',NULL,NULL,6,1,NULL,NULL),('23','2','23','127.0.0.1',0,0,'1.0','2014-05-06 11:19:17',NULL,NULL,6,1,NULL,NULL),('24','2','24','127.0.0.1',0,0,'1.0','2014-05-06 16:33:08',NULL,NULL,6,1,NULL,NULL),('25','2','25','127.0.0.1',0,0,'1.0','2014-05-06 16:36:05',NULL,NULL,6,1,NULL,NULL),('26','13','26','127.0.0.1',0,0,'1.0','2014-05-06 16:40:27',NULL,NULL,6,1,NULL,NULL),('26','2','26','127.0.0.1',0,0,'1.0','2014-05-06 16:39:58',NULL,NULL,6,1,NULL,NULL),('27','15','27','127.0.0.1',0,0,'1.0','2014-05-07 12:15:28',NULL,NULL,6,1,NULL,NULL),('30','13','30','127.0.0.1',0,0,'1.0','2014-05-07 22:24:48',NULL,NULL,5,0,NULL,NULL),('31','13','31','127.0.0.1',0,0,'1.0','2014-05-08 11:20:52',NULL,NULL,5,0,NULL,NULL),('32','13','32','127.0.0.1',0,0,'1.0','2014-05-08 11:28:03',NULL,NULL,5,0,NULL,NULL),('33','13','33','127.0.0.1',0,0,'1.0','2014-05-08 13:47:03',NULL,NULL,5,0,NULL,NULL),('34','13','34','127.0.0.1',0,0,'1.0','2014-05-08 14:22:33',NULL,NULL,5,0,NULL,NULL),('35','13','35','127.0.0.1',0,0,'1.0','2014-05-08 14:40:38',NULL,NULL,5,0,NULL,NULL),('36','13','36','127.0.0.1',0,0,'1.0','2014-05-08 15:14:13',NULL,NULL,5,0,NULL,NULL),('37','13','37','127.0.0.1',0,0,'1.0','2014-05-08 16:49:47',NULL,NULL,5,0,NULL,NULL),('37','2','37','127.0.0.1',0,0,'1.0','2014-05-08 16:48:22',NULL,NULL,5,0,NULL,NULL),('39','2','39','127.0.0.1',0,0,'1.0','2014-05-08 17:09:58',NULL,NULL,6,1,NULL,NULL),('39','3','39','127.0.0.1',0,0,'1.0','2014-05-08 17:10:26',NULL,NULL,6,1,NULL,NULL),('41','2','41','127.0.0.1',0,0,'1.0','2014-05-08 18:13:55',NULL,NULL,5,0,NULL,NULL),('41','3','41','127.0.0.1',0,0,'1.0','2014-05-08 18:14:27',NULL,NULL,5,0,NULL,NULL),('42','13','42','127.0.0.1',0,0,'1.0','2014-05-09 00:38:51',NULL,NULL,5,0,NULL,NULL),('42','2','42','127.0.0.1',0,0,'1.0','2014-05-09 00:40:29',NULL,NULL,5,0,NULL,NULL),('45','13','45','127.0.0.1',0,0,'1.0','2014-05-09 00:53:53',NULL,NULL,5,0,NULL,NULL),('45','2','45','127.0.0.1',0,0,'1.0','2014-05-09 00:55:34',NULL,NULL,5,0,NULL,NULL),('46','13','46','127.0.0.1',0,0,'1.0','2014-05-09 00:58:44',NULL,NULL,5,0,NULL,NULL),('46','2','46','127.0.0.1',0,0,'1.0','2014-05-09 00:59:22',NULL,NULL,5,0,NULL,NULL),('47','13','47','127.0.0.1',0,0,'1.0','2014-05-09 01:01:37',NULL,NULL,5,0,NULL,NULL),('47','2','47','127.0.0.1',0,0,'1.0','2014-05-09 01:02:10',NULL,NULL,5,0,NULL,NULL),('48','2','48','127.0.0.1',0,0,'1.0','2014-05-09 01:05:01',NULL,NULL,3,0,NULL,NULL),('48','3','48','127.0.0.1',0,0,'1.0','2014-05-09 01:06:22',NULL,NULL,6,1,NULL,NULL),('49','2','49','127.0.0.1',0,0,'1.0','2014-05-09 10:15:41',NULL,NULL,6,1,NULL,NULL),('49','3','49','127.0.0.1',0,0,'1.0','2014-05-09 10:16:10',NULL,NULL,6,1,NULL,NULL),('5','5','5','127.0.0.1',0,0,'1.0','2014-05-05 10:58:27',NULL,NULL,6,1,NULL,NULL),('5','6','5','127.0.0.1',0,0,'1.0','2014-05-05 10:58:46',NULL,NULL,6,1,NULL,NULL),('51','2','51','127.0.0.1',0,0,'1.0','2014-05-09 10:24:43',NULL,NULL,5,0,NULL,NULL),('51','3','51','127.0.0.1',0,0,'1.0','2014-05-09 10:25:04',NULL,NULL,5,0,NULL,NULL),('52','2','52','127.0.0.1',0,0,'1.0','2014-05-09 13:38:15',NULL,NULL,5,0,NULL,NULL),('52','3','52','127.0.0.1',0,0,'1.0','2014-05-09 13:38:51',NULL,NULL,5,0,NULL,NULL),('54','2','54','127.0.0.1',0,0,'1.0','2014-05-09 13:44:26',NULL,NULL,5,0,NULL,NULL),('54','3','54','127.0.0.1',0,0,'1.0','2014-05-09 13:46:00',NULL,NULL,5,0,NULL,NULL),('56','2','56','127.0.0.1',0,0,'1.0','2014-05-09 13:55:55',NULL,NULL,5,0,NULL,NULL),('56','3','56','127.0.0.1',0,0,'1.0','2014-05-09 13:56:19',NULL,NULL,5,0,NULL,NULL),('57','2','57','127.0.0.1',0,0,'1.0','2014-05-09 14:20:09',NULL,NULL,5,0,NULL,NULL),('57','3','57','127.0.0.1',0,0,'1.0','2014-05-09 14:20:41',NULL,NULL,5,0,NULL,NULL),('59','2','59','127.0.0.1',0,0,'1.0','2014-05-09 14:29:48',NULL,NULL,3,0,NULL,NULL),('59','3','59','127.0.0.1',0,0,'1.0','2014-05-09 14:30:18',NULL,NULL,6,1,NULL,NULL),('60','13','60','127.0.0.1',0,0,'1.0','2014-05-09 14:31:01',NULL,NULL,6,1,NULL,NULL),('60','2','60','127.0.0.1',0,0,'1.0','2014-05-09 14:32:12',NULL,NULL,6,1,NULL,NULL),('61','2','61','127.0.0.1',0,0,'1.0','2014-05-09 14:57:55',NULL,NULL,6,1,NULL,NULL),('61','3','61','127.0.0.1',0,0,'1.0','2014-05-09 14:58:19',NULL,NULL,6,1,NULL,NULL),('62','2','62','127.0.0.1',0,0,'1.0','2014-05-09 15:33:56',NULL,NULL,5,0,NULL,NULL),('62','3','62','127.0.0.1',0,0,'1.0','2014-05-09 15:34:20',NULL,NULL,5,0,NULL,NULL),('64','2','64','127.0.0.1',0,0,'1.0','2014-05-09 16:07:11',NULL,NULL,5,0,NULL,NULL),('7','7','7','127.0.0.1',0,0,'1.0','2014-05-05 16:21:17',NULL,NULL,6,1,NULL,NULL),('7','8','7','127.0.0.1',0,0,'1.0','2014-05-05 16:21:42',NULL,NULL,6,1,NULL,NULL);
/*!40000 ALTER TABLE `participants` ENABLE KEYS */;
UNLOCK TABLES;

--
-- Table structure for table `questionnaires`
--

DROP TABLE IF EXISTS `questionnaires`;
/*!40101 SET @saved_cs_client     = @@character_set_client */;
/*!40101 SET character_set_client = utf8 */;
CREATE TABLE `questionnaires` (
  `id` int(11) NOT NULL AUTO_INCREMENT,
  `status` int(11) DEFAULT NULL,
  `userid` int(11) DEFAULT NULL,
  `gamesetid` int(11) DEFAULT NULL,
  `enterQtime` varchar(19) DEFAULT NULL,
  `leaveQtime` varchar(19) DEFAULT NULL,
  `extraverted` int(11) DEFAULT NULL,
  `critical` int(11) DEFAULT NULL,
  `dependable` int(11) DEFAULT NULL,
  `anxious` int(11) DEFAULT NULL,
  `open` int(11) DEFAULT NULL,
  `reserved` int(11) DEFAULT NULL,
  `sympathetic` int(11) DEFAULT NULL,
  `disorganized` int(11) DEFAULT NULL,
  `calm` int(11) DEFAULT NULL,
  `conventional` int(11) DEFAULT NULL,
  `sexe` int(11) DEFAULT NULL,
  `nativespeakenglish` int(11) DEFAULT NULL,
  `schoolgrade` int(11) DEFAULT NULL,
  PRIMARY KEY (`id`),
  KEY `fk_questionnaire_user_id` (`userid`),
  CONSTRAINT `fk_questionnaire_user_id` FOREIGN KEY (`userid`) REFERENCES `users` (`id`) ON DELETE CASCADE ON UPDATE CASCADE
) ENGINE=InnoDB AUTO_INCREMENT=4 DEFAULT CHARSET=utf8;
/*!40101 SET character_set_client = @saved_cs_client */;

--
-- Dumping data for table `questionnaires`
--

LOCK TABLES `questionnaires` WRITE;
/*!40000 ALTER TABLE `questionnaires` DISABLE KEYS */;
INSERT INTO `questionnaires` VALUES (1,1,15,0,'2014-05-07 12:15:12','2014-05-07 12:15:24',1,1,1,1,1,1,1,1,1,1,1,1,1),(2,1,21,0,'2014-05-09 10:16:57','2014-05-09 10:17:24',1,1,1,1,1,1,1,1,1,1,1,1,1),(3,1,22,0,'2014-05-09 15:35:18','2014-05-09 15:35:49',1,1,1,1,1,1,1,1,1,1,1,1,1);
/*!40000 ALTER TABLE `questionnaires` ENABLE KEYS */;
UNLOCK TABLES;

--
-- Table structure for table `rounds`
--

DROP TABLE IF EXISTS `rounds`;
/*!40101 SET @saved_cs_client     = @@character_set_client */;
/*!40101 SET character_set_client = utf8 */;
CREATE TABLE `rounds` (
  `id` int(11) NOT NULL AUTO_INCREMENT,
  `num` int(11) DEFAULT NULL,
  `status` int(11) DEFAULT NULL,
  `type` int(11) DEFAULT NULL,
  `datastring` text,
  `startTime` datetime DEFAULT NULL,
  `maxreward` double DEFAULT NULL,
  `gameid` int(11) DEFAULT NULL,
  PRIMARY KEY (`id`),
  KEY `fk_round_game_id` (`gameid`),
  CONSTRAINT `fk_round_game_id` FOREIGN KEY (`gameid`) REFERENCES `games` (`id`) ON DELETE CASCADE ON UPDATE CASCADE
) ENGINE=InnoDB AUTO_INCREMENT=113 DEFAULT CHARSET=utf8;
/*!40101 SET character_set_client = @saved_cs_client */;

--
-- Dumping data for table `rounds`
--

LOCK TABLES `rounds` WRITE;
/*!40000 ALTER TABLE `rounds` DISABLE KEYS */;
INSERT INTO `rounds` VALUES (1,1,2,0,NULL,'2014-05-04 17:45:35',5,1),(2,2,1,1,NULL,'2014-05-04 17:45:47',10,1),(3,1,2,0,NULL,'2014-05-04 20:25:27',5,2),(4,2,2,1,NULL,'2014-05-04 20:26:02',10,2),(5,1,2,0,NULL,'2014-05-05 10:58:46',5,5),(6,2,2,1,NULL,'2014-05-05 10:59:21',10,5),(7,1,2,0,NULL,'2014-05-05 16:21:42',5,7),(8,2,2,1,NULL,'2014-05-05 16:22:17',10,7),(9,1,2,0,NULL,'2014-05-05 17:39:34',5,10),(10,2,1,1,NULL,'2014-05-05 17:40:09',10,10),(11,1,2,0,NULL,'2014-05-05 17:46:13',5,12),(12,2,2,1,NULL,'2014-05-05 17:46:48',10,12),(13,1,2,0,NULL,'2014-05-05 23:05:37',5,20),(14,2,2,1,NULL,'2014-05-05 23:06:12',10,20),(15,1,2,0,NULL,'2014-05-06 11:19:44',5,23),(16,2,2,1,NULL,'2014-05-06 11:20:19',10,23),(17,1,2,0,NULL,'2014-05-06 16:33:08',5,24),(18,2,1,1,NULL,'2014-05-06 16:33:15',10,24),(19,1,2,0,NULL,'2014-05-06 16:36:05',5,25),(20,2,1,1,NULL,'2014-05-06 16:36:22',10,25),(21,1,2,0,NULL,'2014-05-06 16:40:27',5,26),(22,2,2,1,NULL,'2014-05-06 16:41:02',10,26),(23,1,2,0,NULL,'2014-05-07 12:15:28',5,27),(24,2,1,1,NULL,'2014-05-07 12:15:36',10,27),(25,1,2,0,NULL,'2014-05-07 22:24:48',5,30),(26,2,2,1,NULL,'2014-05-07 22:25:23',10,30),(27,1,2,0,NULL,'2014-05-08 11:20:52',5,31),(28,2,2,1,NULL,'2014-05-08 11:21:27',10,31),(29,1,2,0,NULL,'2014-05-08 11:28:03',5,32),(30,2,2,1,NULL,'2014-05-08 11:28:38',10,32),(31,1,2,0,NULL,'2014-05-08 13:47:03',5,33),(32,2,2,1,NULL,'2014-05-08 13:47:38',10,33),(33,1,2,0,NULL,'2014-05-08 14:22:33',5,34),(34,2,2,1,NULL,'2014-05-08 14:23:08',10,34),(35,1,2,0,NULL,'2014-05-08 14:40:38',5,35),(36,2,2,1,NULL,'2014-05-08 14:41:13',10,35),(37,1,2,0,NULL,'2014-05-08 15:14:13',5,36),(38,2,2,1,NULL,'2014-05-08 15:14:48',10,36),(39,1,2,0,NULL,'2014-05-08 15:15:23',5,37),(40,2,2,1,NULL,'2014-05-08 15:15:58',10,37),(41,1,2,0,NULL,'2014-05-08 15:16:33',5,38),(42,2,2,1,NULL,'2014-05-08 15:17:08',10,38),(43,1,2,0,NULL,'2014-05-08 16:49:47',5,39),(44,2,2,1,NULL,'2014-05-08 16:50:22',10,39),(45,1,2,0,NULL,'2014-05-08 17:10:26',5,41),(46,2,2,1,NULL,'2014-05-08 17:11:01',10,41),(47,1,2,0,NULL,'2014-05-08 17:11:36',5,43),(48,2,2,1,NULL,'2014-05-08 17:12:11',10,43),(49,1,2,0,NULL,'2014-05-08 18:14:27',5,44),(50,2,2,1,NULL,'2014-05-08 18:15:02',10,44),(51,1,2,0,NULL,'2014-05-08 18:15:37',5,45),(52,2,2,1,NULL,'2014-05-08 18:16:12',10,45),(53,1,2,0,NULL,'2014-05-08 18:16:47',5,46),(54,2,2,1,NULL,'2014-05-08 18:17:22',10,46),(55,1,2,0,NULL,'2014-05-09 00:40:29',5,47),(56,2,2,1,NULL,'2014-05-09 00:41:04',10,47),(57,1,2,0,NULL,'2014-05-09 00:55:34',5,50),(58,2,2,1,NULL,'2014-05-09 00:56:09',10,50),(59,1,2,0,NULL,'2014-05-09 00:59:22',5,51),(60,2,2,1,NULL,'2014-05-09 00:59:57',10,51),(61,1,2,0,NULL,'2014-05-09 01:02:10',5,52),(62,2,2,1,NULL,'2014-05-09 01:02:30',10,52),(63,1,2,0,NULL,'2014-05-09 01:02:50',5,53),(64,2,2,1,NULL,'2014-05-09 01:03:10',10,53),(65,1,2,0,NULL,'2014-05-09 01:06:22',5,54),(66,2,2,1,NULL,'2014-05-09 01:06:42',10,54),(67,1,2,0,NULL,'2014-05-09 01:07:02',5,55),(68,2,2,1,NULL,'2014-05-09 01:07:22',10,55),(69,1,2,0,NULL,'2014-05-09 10:16:10',5,56),(70,2,2,1,NULL,'2014-05-09 10:16:30',10,56),(71,1,2,0,NULL,'2014-05-09 10:16:50',5,57),(72,2,2,1,NULL,'2014-05-09 10:17:10',10,57),(73,1,2,0,NULL,'2014-05-09 10:25:04',5,59),(74,2,2,1,NULL,'2014-05-09 10:25:24',10,59),(75,1,2,0,NULL,'2014-05-09 10:25:44',5,60),(76,2,2,1,NULL,'2014-05-09 10:26:04',10,60),(77,1,2,0,NULL,'2014-05-09 13:38:51',5,61),(78,2,2,1,NULL,'2014-05-09 13:39:11',10,61),(79,1,2,0,NULL,'2014-05-09 13:39:31',5,63),(80,2,2,1,NULL,'2014-05-09 13:39:51',10,63),(81,1,2,0,NULL,'2014-05-09 13:46:00',5,64),(82,2,2,1,NULL,'2014-05-09 13:46:20',10,64),(83,1,2,0,NULL,'2014-05-09 13:56:19',5,66),(84,2,2,1,NULL,'2014-05-09 13:56:39',10,66),(85,1,2,0,NULL,'2014-05-09 13:56:59',5,67),(86,2,2,1,NULL,'2014-05-09 13:57:19',10,67),(87,1,2,0,NULL,'2014-05-09 13:57:39',5,68),(88,2,2,1,NULL,'2014-05-09 13:57:59',10,68),(89,1,2,0,NULL,'2014-05-09 14:20:41',5,69),(90,2,2,1,NULL,'2014-05-09 14:21:16',10,69),(91,1,2,0,NULL,'2014-05-09 14:21:51',5,71),(92,2,2,1,NULL,'2014-05-09 14:22:26',10,71),(93,1,2,0,NULL,'2014-05-09 14:23:01',5,72),(94,2,2,1,NULL,'2014-05-09 14:23:36',10,72),(95,1,2,0,NULL,'2014-05-09 14:30:18',5,73),(96,2,2,1,NULL,'2014-05-09 14:30:38',10,73),(97,1,2,0,NULL,'2014-05-09 14:30:58',5,74),(98,2,2,1,NULL,'2014-05-09 14:31:18',10,74),(99,1,2,0,NULL,'2014-05-09 14:32:12',5,75),(100,2,2,1,NULL,'2014-05-09 14:32:32',10,75),(101,1,2,0,NULL,'2014-05-09 14:32:52',5,76),(102,2,2,1,NULL,'2014-05-09 14:33:12',10,76),(103,1,2,0,NULL,'2014-05-09 14:58:19',5,77),(104,2,2,1,NULL,'2014-05-09 14:58:39',10,77),(105,1,2,0,NULL,'2014-05-09 15:34:20',5,78),(106,2,2,1,NULL,'2014-05-09 15:34:40',10,78),(107,1,2,0,NULL,'2014-05-09 15:35:00',5,79),(108,2,2,1,NULL,'2014-05-09 15:35:20',10,79),(109,1,2,0,NULL,'2014-05-09 15:35:40',5,80),(110,2,2,1,NULL,'2014-05-09 15:36:00',10,80),(111,1,2,0,NULL,'2014-05-09 16:07:11',5,82),(112,2,2,1,NULL,'2014-05-09 16:07:31',10,82);
/*!40000 ALTER TABLE `rounds` ENABLE KEYS */;
UNLOCK TABLES;

--
-- Table structure for table `users`
--

DROP TABLE IF EXISTS `users`;
/*!40101 SET @saved_cs_client     = @@character_set_client */;
/*!40101 SET character_set_client = utf8 */;
CREATE TABLE `users` (
  `id` int(11) NOT NULL AUTO_INCREMENT,
  `username` varchar(128) DEFAULT NULL,
  `password` varchar(128) DEFAULT NULL,
  `lastvisit` datetime DEFAULT NULL,
  `sessionId` varchar(128) DEFAULT NULL,
  `status` int(11) DEFAULT NULL,
  `datastring` text,
  `email` text,
  `ipaddress` varchar(128) DEFAULT NULL,
  `ip_in_use` varchar(1) DEFAULT NULL,
  `note` text,
  PRIMARY KEY (`id`)
) ENGINE=InnoDB AUTO_INCREMENT=23 DEFAULT CHARSET=utf8;
/*!40101 SET character_set_client = @saved_cs_client */;

--
-- Dumping data for table `users`
--

LOCK TABLES `users` WRITE;
/*!40000 ALTER TABLE `users` DISABLE KEYS */;
INSERT INTO `users` VALUES (1,'56558117','56558117','2014-05-04 17:46:07','20154585',4,NULL,'','127.0.0.1','n',''),(2,'p1','pascal','2014-05-09 16:07:52','74101416',4,NULL,'XXXXXXX','127.0.0.1','n',''),(3,'p2','pascal','2014-05-09 15:36:20','41018748',4,NULL,'','127.0.0.1','n',''),(4,'88769240','88769240','2014-05-05 10:48:29','81895469',4,NULL,NULL,'127.0.0.1','n',NULL),(5,'98825545','98825545','2014-05-05 11:00:21','45751139',4,NULL,'','127.0.0.1','n',''),(6,'58365576','58365576','2014-05-05 11:01:07','83509697',4,NULL,'','127.0.0.1','n',''),(7,'22466490','22466490','2014-05-05 16:24:27','84720254',4,NULL,'','127.0.0.1','n',''),(8,'38136111','38136111','2014-05-05 16:24:21','90607756',4,NULL,'','127.0.0.1','n',''),(9,'42372604','42372604','2014-05-05 16:34:35','95018174',4,NULL,NULL,'127.0.0.1','n',NULL),(10,'pascal','pascal','2014-05-05 17:40:29','26488126',4,NULL,'','127.0.0.1','n',''),(11,'p','pascal','2014-05-05 17:45:30','99735104',4,NULL,NULL,'127.0.0.1','n',NULL),(12,'gend','pascal','2014-05-05 17:51:43','20830267',4,NULL,'','127.0.0.1','n',''),(13,'px','pascal','2014-05-09 14:36:29','19688385',4,NULL,'','127.0.0.1','n',''),(14,'16519194','16519194','2014-05-05 23:06:47','32932436',4,NULL,NULL,'127.0.0.1','n',NULL),(15,'85669679','85669679','2014-05-07 12:15:51','76334419',4,NULL,'','127.0.0.1','n',''),(16,'77279890','77279890 ','2014-05-07 15:31:13','65793284',4,NULL,NULL,'127.0.0.1','n',NULL),(17,'68443011','68443011','2014-05-07 15:45:58','71767820',4,NULL,NULL,'127.0.0.1','n',NULL),(18,'95988656','95988656','2014-05-07 21:27:55','21082113',1,NULL,NULL,'127.0.0.1','n',NULL),(19,'82349238','82349238','2014-05-07 22:22:38','96557476',1,NULL,NULL,'127.0.0.1','n',NULL),(20,'77145097','77145097','2014-05-08 02:19:45','19304012',1,NULL,NULL,'127.0.0.1','n',NULL),(21,'p3','pascal','2014-05-09 10:17:28','20582327',4,NULL,NULL,'127.0.0.1','n',NULL),(22,'p4','pascal','2014-05-09 15:35:51','75823292',4,NULL,NULL,'127.0.0.1','n',NULL);
/*!40000 ALTER TABLE `users` ENABLE KEYS */;
UNLOCK TABLES;
/*!40103 SET TIME_ZONE=@OLD_TIME_ZONE */;

/*!40101 SET SQL_MODE=@OLD_SQL_MODE */;
/*!40014 SET FOREIGN_KEY_CHECKS=@OLD_FOREIGN_KEY_CHECKS */;
/*!40014 SET UNIQUE_CHECKS=@OLD_UNIQUE_CHECKS */;
/*!40101 SET CHARACTER_SET_CLIENT=@OLD_CHARACTER_SET_CLIENT */;
/*!40101 SET CHARACTER_SET_RESULTS=@OLD_CHARACTER_SET_RESULTS */;
/*!40101 SET COLLATION_CONNECTION=@OLD_COLLATION_CONNECTION */;
/*!40111 SET SQL_NOTES=@OLD_SQL_NOTES */;

-- Dump completed on 2014-05-09 19:53:30
